generation,num_eval,time,f_sur,f_IC,x0,x1,x2,x3,x4
1,6,1.9684972763061523,12.778142447207006,0.9836174778604398,0.0124585088342428,-1.0007638931274414,-0.712169349193573,-0.6903009414672852,1.146968126296997
1,6,1.9684972763061523,14.197767902945644,0.8284294130330014,-0.383254736661911,-0.7200163006782532,-0.9477146863937378,-0.4052791595458984,1.0409832000732422
1,6,1.9684972763061523,12.302800071081176,1.0127231714427454,-0.1260831654071808,-0.772955060005188,-0.7053645253181458,-0.6386115550994873,0.9901809692382812
1,6,1.9684972763061523,13.536269469276242,0.9178052495818828,-0.2739561200141907,-0.6560438275337219,-0.8169049024581909,-0.3892545998096466,1.1519864797592163
1,6,1.9684972763061523,12.93316975697345,0.8593116009188717,-0.2732362747192383,-0.7000705599784851,-0.723836362361908,-0.7537947297096252,0.7903140783309937
1,6,1.9684972763061523,13.367570282288533,0.5840531666782839,0.0197615344077348,-0.6587741374969482,-0.7333861589431763,-0.2452903389930725,0.9676148295402528
1,6,1.9684972763061523,14.92275259205683,0.5598818127974547,0.376795083284378,-0.8647946119308472,-0.3579487800598144,-0.8763568997383118,0.8738663792610168
1,6,1.9684972763061523,14.124242060740867,0.7839425276416693,-0.4298072159290313,-0.6825919151306152,-0.8121486902236938,-0.7397018074989319,0.8404259085655212
1,6,1.9684972763061523,12.912918680170026,0.998088732064751,-0.2226200252771377,-0.6964163184165955,-0.7414986491203308,-0.492518663406372,1.1167033910751345
1,6,1.9684972763061523,12.527841925395132,0.8894629796467206,0.0967043340206146,-0.7639264464378357,-0.5196315050125122,-0.6297454833984375,1.070484280586243
2,9,1.921812534332276,14.811478204997222,3.184988452086175,-0.7957506775856018,0.4519918859004974,-0.3813626170158386,-0.6428317427635193,0.5848580002784729
2,9,1.921812534332276,127.9993132583038,1.793612273965529e-41,-0.8049971461296082,0.1558664292097091,-0.774064302444458,-0.5886051654815674,0.0509091019630432
2,9,1.921812534332276,14.778091159706593,7.440912101528391,-0.6139939427375793,0.1584914028644561,-0.6918357014656067,-0.3840816915035248,0.2760349214076996
2,9,1.921812534332276,31.915581013826355,7.190015255371663,-0.491196870803833,0.0293733235448598,-0.6330956816673279,-0.5117602348327637,0.2184541523456573
2,9,1.921812534332276,31.925482564891297,7.1879725906867415,-0.5954105854034424,0.2823036611080169,-0.6345078945159912,-0.1197943985462188,0.6202564835548401
2,9,1.921812534332276,121.31027757771272,2.6107817723481928e-61,-0.92494797706604,0.2276736348867416,-0.7645429968833923,-0.5494210124015808,0.3050139546394348
2,9,1.921812534332276,15.601888683754623,1.3167784806943317,-0.627223014831543,-0.0511946752667427,-0.7093283534049988,-0.5486212372779846,0.3725546300411224
2,9,1.921812534332276,31.5259890127777,7.2793717870454815,-0.5604962110519409,0.0535002127289772,-0.6385147571563721,-0.4387838840484619,0.4553174972534179
2,9,1.921812534332276,14.340316772431564,3.645659909223265,-0.5741370320320129,-0.0287193041294813,-0.7048177719116211,-0.4174403548240661,0.4444188475608825
2,9,1.921812534332276,32.18775164507716,7.091641857612226,-0.2936916649341583,-0.3631078898906708,-0.6149733066558838,-0.9583873152732848,0.0076794051565229
3,12,1.921889066696167,19.0399178380701,8.635215776701571,-1.0827683210372925,0.6407302618026733,-0.9302401542663574,-0.2695554196834564,-0.1989782154560089
3,12,1.921889066696167,17.77454417622767,7.5353367988749,-1.4116580486297607,0.5423928499221802,-1.1508594751358032,-0.2271813005208969,0.1229295209050178
3,12,1.921889066696167,20.326920300139264,8.557364238425835,-1.2807977199554443,0.8355279564857483,-0.8951338529586792,-0.3609531819820404,-0.2116532176733017
3,12,1.921889066696167,21.40123859772144,8.822768147140724,-1.609554648399353,0.9063079953193665,-1.1090008020401,-0.3029066026210785,-0.1598501801490783
3,12,1.921889066696167,16.428531120647907,5.879270604280258,-1.2086857557296753,0.537871241569519,-1.0276939868927002,-0.119957111775875,0.2802239656448364
3,12,1.921889066696167,18.31636818400465,8.57017766617134,-1.246931076049805,0.7633758783340454,-0.9035517573356628,-0.3456777334213257,-0.1274865716695785
3,12,1.921889066696167,20.66196619825624,6.832522938044967,-1.144223928451538,0.5759363174438477,-1.0295562744140625,0.0895262584090232,0.4162193238735199
3,12,1.921889066696167,19.403228930370886,7.405570993755585,-0.8733824491500854,0.6331618428230286,-0.9351013898849488,0.1204461529850959,0.0751155987381935
3,12,1.921889066696167,17.793177114717356,7.421302556519903,-1.3755437135696411,0.5980094075202942,-1.135533332824707,-0.1232230439782142,0.1873117536306381
3,12,1.921889066696167,17.021222255586277,4.698257698449755,-1.355662822723389,0.7306627631187439,-0.8695383667945862,-0.3667573928833008,0.1875000447034835
4,15,1.9621484279632568,67.16322815331813,0.0026600430159009,0.00359149556607,-0.6133435368537903,-0.5654438734054565,-0.5932324528694153,0.7755980491638184
4,15,1.9621484279632568,-5.232673428406528,21.748877681157648,-0.0221664104610681,-0.5673675537109375,-0.3066591322422027,-0.9006859660148621,1.1045417785644531
4,15,1.9621484279632568,61.111024691576446,0.0688991922902753,0.1420729458332061,-0.4408924281597137,-0.3096975982189178,-0.562976598739624,1.0674575567245483
4,15,1.9621484279632568,18.07496935634051,5.837361216004656,-0.0959818735718727,-0.1752678155899047,-0.241533026099205,-0.6432037949562073,0.9486660957336426
4,15,1.9621484279632568,3.64085895321438,17.2778128924098,0.3009544312953949,-0.320655345916748,-0.091197170317173,-0.930795431137085,0.4690006673336029
4,15,1.9621484279632568,57.937116806587696,0.0008704807068984,-0.143844187259674,-0.7287111282348633,-0.722538948059082,-0.6332379579544067,0.7535734176635742
4,15,1.9621484279632568,-1.2707795689312178,19.511858964029106,-0.0274706427007913,-0.3261833488941192,-0.2673572301864624,-0.8800813555717468,0.6304485201835632
4,15,1.9621484279632568,8.794007414226098,5.443327263670437,0.1305304318666458,-0.7827261686325073,-0.606483519077301,-0.7332343459129333,0.5909789204597473
4,15,1.9621484279632568,-7.260967048292727,21.27252875140051,0.177595779299736,-0.571255624294281,-0.4168745875358581,-0.7974240779876709,0.4507936537265777
4,15,1.9621484279632568,3.49612773735641,9.735551920400464,0.2269679307937622,-0.7270659804344177,-0.4218952059745788,-0.7528679966926575,0.78543621301651
5,18,1.888849258422852,12639.70485615169,16257.579126931663,0.5757061839103699,-1.180166482925415,-0.6350550651550293,-0.7716431617736816,0.4906748235225677
5,18,1.888849258422852,13562.07859573514,15988.500105227966,0.1973693519830703,-0.7558484673500061,-0.4485849738121032,-1.1261111497879028,0.2056630998849868
5,18,1.888849258422852,5409.816740497751,19016.08090040962,0.3597364127635956,-0.7872660756111145,-0.3523913025856018,-0.9959086775779724,0.491939514875412
5,18,1.888849258422852,50510.162320380805,5063.529505570392,0.1149327754974365,-0.296016126871109,-0.212896391749382,-0.7040942311286926,0.8058915138244629
5,18,1.888849258422852,-1381.2826286474756,21148.214914749267,0.2057386487722396,-0.8024752736091614,-0.4918666183948517,-0.902316689491272,0.5360298752784729
5,18,1.888849258422852,1587.8127232757415,20313.366303919727,0.4808928966522217,-0.8749679327011108,-0.3240393400192261,-1.049197793006897,0.5484787225723267
5,18,1.888849258422852,13068.932477350752,16164.92190548775,0.3518482744693756,-0.4915567934513092,-0.2684153318405151,-0.8134992718696594,0.3746742904186249
5,18,1.888849258422852,10797.70314423334,16541.191637457036,0.0632548481225967,-0.1536712944507599,-0.169539988040924,-0.8612427115440369,0.4442597329616546
5,18,1.888849258422852,42791.932439652446,445.4480801944667,0.2608197331428528,-0.6953970789909363,-0.3749442100524902,-0.8227092623710632,0.7072064876556396
5,18,1.888849258422852,14002.006960276824,15693.345894369964,0.5982995629310608,-0.937756597995758,-0.580298125743866,-0.3920638561248779,0.7199457883834839
6,21,1.9267051219940183,6125.16320964862,13635.538938321037,0.1266552507877349,-0.3744178712368011,-0.2409615814685821,-0.8053769469261169,0.6564293503761292
6,21,1.9267051219940183,12732.876881151837,14569.771989409195,0.0558433607220649,-0.2987349033355713,-0.1701196134090423,-1.0928007364273071,0.4073903560638428
6,21,1.9267051219940183,125186.21632457952,15.005446916456066,0.1708752512931823,-0.6876141428947449,-0.4713708758354187,-0.6320630311965942,0.8591790795326233
6,21,1.9267051219940183,-10393.443004300934,20672.632423139527,0.2745383977890014,-0.6350412964820862,-0.2853202819824219,-0.9736661911010742,0.6085326671600342
6,21,1.9267051219940183,13737.672086103952,14427.663680641095,0.2970246970653534,-0.301435261964798,0.1703826487064361,-1.275957465171814,0.816680371761322
6,21,1.9267051219940183,7677.163292607402,16356.583987335898,0.3175519108772278,-0.4252628982067108,-0.1183761358261108,-0.9174911379814148,0.6168039441108704
6,21,1.9267051219940183,111118.56809280383,69.01856624820846,0.1647179871797561,-0.3944964706897735,-0.2458529323339462,-0.7677736282348633,0.7937079668045044
6,21,1.9267051219940183,13326.83479504734,13411.953127912851,0.0894900411367416,-0.6019445061683655,-0.5289539694786072,-0.7407625913619995,0.3890095353126526
6,21,1.9267051219940183,97856.93898280914,77.60490161399548,0.0279576145112514,-0.3939021825790405,-0.2936212122440338,-0.81610506772995,0.760968804359436
6,21,1.9267051219940183,8452.733667805776,13255.760898776356,-0.0864335820078849,-0.3289831280708313,-0.5315108299255371,-0.5679751038551331,0.4278418123722076
7,24,1.8906211853027344,10531.251966086234,14638.58573124567,-0.8036128878593445,0.4026076793670654,-0.4887171983718872,-0.4803932905197143,0.648727297782898
7,24,1.8906211853027344,21530.666345025467,1125.404636522514,-0.8770725727081299,0.3176952302455902,-0.4337459206581116,-0.8002488017082214,0.6571353077888489
7,24,1.8906211853027344,37753.17091518971,2592.725814914962,-0.6294149160385132,0.2073566317558288,-0.3204425573348999,-0.7574155330657959,0.778266429901123
7,24,1.8906211853027344,1338.059465257562,8878.255295490208,-1.022115707397461,0.0947335287928581,-0.7807462811470032,-0.6782227754592896,0.5347732305526733
7,24,1.8906211853027344,3413.068164099801,10413.312959649422,-0.8931775093078613,0.1438096165657043,-0.578589141368866,-0.5390093922615051,1.150612711906433
7,24,1.8906211853027344,3496.141948909557,2666.9937629796705,-0.699729859828949,-0.0057273902930319,-0.5807417035102844,-0.7838122248649597,0.5250805020332336
7,24,1.8906211853027344,23543.631677680754,1881.2483546097344,-0.6658042669296265,0.1600397676229477,-0.3625049591064453,-0.74660325050354,0.8400350213050842
7,24,1.8906211853027344,1261.0164548111024,4531.954716539884,-1.0848215818405151,0.1969331800937652,-0.6049584150314331,-0.8925489187240601,0.6275628209114075
7,24,1.8906211853027344,10950.485323826226,14539.037467048587,-0.6402508020401001,0.1281506270170211,-0.5885772109031677,-0.3232275545597076,0.8036036491394043
7,24,1.8906211853027344,10240.257545200611,14678.08934905576,-0.4118133783340454,0.1982330530881881,-0.42221599817276,-0.4386538863182068,0.5097043514251709
8,27,2.046884536743164,9418.7781383479,13821.149438551138,0.527784526348114,-0.2440551370382309,-0.0582154244184494,-0.5362721681594849,0.6509501934051514
8,27,2.046884536743164,9494.426337845716,13796.287484413282,0.6355893015861511,-0.404638409614563,0.182952731847763,-1.1196268796920776,0.6149116158485413
8,27,2.046884536743164,8302.611065243209,14101.383991285144,0.2784630060195923,-0.1452324837446212,-0.1725371032953262,-0.5660794377326965,0.4637695550918579
8,27,2.046884536743164,8112.346471687602,14311.75830885298,0.5794233679771423,-0.34511399269104,0.0355710834264755,-0.7829954624176025,0.7158153057098389
8,27,2.046884536743164,4916.199409593879,13283.259607539014,0.1173944622278213,-0.2786715626716614,-0.3113555908203125,-0.641075849533081,0.5213004946708679
8,27,2.046884536743164,4159.769100926601,14279.244839073295,0.1498802602291107,-0.2223881930112838,-0.1331416219472885,-0.7935328483581543,0.632152795791626
8,27,2.046884536743164,8760.196016638069,13456.104435830228,0.3962400555610657,-0.4511853754520416,-0.2084062993526458,-0.6497713327407837,0.6889105439186096
8,27,2.046884536743164,4957.2550239616085,14152.443683581309,0.2994877099990845,-0.3635613620281219,-0.1883734762668609,-0.794044554233551,0.4746482372283935
8,27,2.046884536743164,9342.080536014017,13843.50488728919,0.3512566089630127,-0.1424904316663742,-0.0478174239397048,-0.822336733341217,0.2613105177879333
8,27,2.046884536743164,9210.834565656798,13904.576001117572,0.2398554980754852,0.002497661858797,0.1139135286211967,-0.8717929124832153,0.6186369061470032
9,30,2.015669584274292,1079.756344032632,9337.964135800694,0.2254543304443359,-0.4973311424255371,-0.2492200136184692,-0.9054860472679138,0.5729256272315979
9,30,2.015669584274292,16203.497759320468,10304.636977957634,0.2374954968690872,-0.4682315289974212,-0.452757179737091,-0.3385583162307739,0.8025972247123718
9,30,2.015669584274292,18654.82029925037,9449.210054749388,0.50404292345047,-0.4373192191123962,-0.2010045945644378,-0.4217220246791839,0.8602527379989624
9,30,2.015669584274292,46576.45223885034,2241.4825148176733,0.3363692760467529,-0.3865452110767364,-0.1636064201593399,-0.647071361541748,0.8605779409408569
9,30,2.015669584274292,3350.7043898603342,11364.908495369807,0.1416537314653396,-0.2780073583126068,-0.2747615575790405,-0.6356378197669983,0.6301054954528809
9,30,2.015669584274292,16167.74955208494,10253.426539744876,0.3143617808818817,-0.3760496377944946,-0.0887233465909957,-0.7281057834625244,0.9724777936935424
9,30,2.015669584274292,23806.49374183089,7554.208312688808,-0.0281774178147315,-0.1763025075197219,-0.2971405684947967,-0.5453014969825745,0.7799370884895325
9,30,2.015669584274292,17376.47550032578,9850.009580289065,0.340776115655899,-0.3146325349807739,-0.1202087998390197,-0.5787249207496643,0.9466458559036256
9,30,2.015669584274292,-4136.136215311161,13450.567167785675,0.3288875818252563,-0.2549862861633301,-0.015714855864644,-0.8386886715888977,0.710012674331665
9,30,2.015669584274292,401.6936064852789,9638.12350334318,0.319303959608078,-0.4824834764003753,-0.1997678428888321,-0.869864284992218,0.5749550461769104
10,33,2.109307289123535,68385.35976645137,732.6131307123692,0.4491669535636902,-0.5352849364280701,-0.2398786842823028,-0.5765679478645325,0.8593923449516296
10,33,2.109307289123535,-10278.488855927124,14197.871878986742,0.5926586985588074,-0.674312174320221,-0.1528202444314956,-0.8682156205177307,0.6377558708190918
10,33,2.109307289123535,-11181.585695832662,21687.811686646783,0.6274381279945374,-0.8032171130180359,-0.1288603097200393,-1.0747400522232056,0.6790017485618591
10,33,2.109307289123535,1525.8437541473404,11772.98791504236,0.440923273563385,-0.3972914218902588,-0.1273652166128158,-0.7979770302772522,0.5199278593063354
10,33,2.109307289123535,2458.088344444509,7735.569015972836,0.1658415496349334,-0.2179269045591354,-0.1450055837631225,-0.777025043964386,0.5863006711006165
10,33,2.109307289123535,-9728.433448755994,14821.941384926364,0.3004553914070129,-0.4673055112361908,-0.1083002388477325,-1.028786301612854,0.629730224609375
10,33,2.109307289123535,7803.385625037985,13643.592966229911,0.1469306498765945,-0.1015015244483947,-0.1368411034345626,-0.8419938087463379,0.2541958689689636
10,33,2.109307289123535,6047.912050636259,14028.227185982269,0.4286550283432007,-0.8575811386108398,-0.3581563830375671,-1.0618118047714231,0.4112299680709839
10,33,2.109307289123535,3192.6593574036174,12127.422135844748,0.362714022397995,-0.5161728858947754,-0.1285301297903061,-1.0599603652954102,0.5194820761680603
10,33,2.109307289123535,1333.8025537801605,13575.014023443093,0.3580951690673828,-0.3252360820770263,-0.2511070370674133,-0.5374957323074341,0.4986961185932159
11,36,2.016404390335083,401.3998678181079,14937.806238545349,0.1476935595273971,-0.1289773881435394,0.0818955823779106,-0.9866103529930116,0.8937710523605347
11,36,2.016404390335083,3843.7387112075767,12638.10793537828,0.3471106290817261,-0.131376102566719,0.001843832898885,-0.8050817847251892,0.4598985314369201
11,36,2.016404390335083,4305.873848946711,12489.077695621732,0.0835245251655578,0.0287648681551218,0.0446402169764041,-0.9691739082336426,0.5077186226844788
11,36,2.016404390335083,7907.796258641375,12464.573770045838,-0.1372320353984832,0.0934106633067131,-0.2987142205238342,-0.3855892121791839,0.695328950881958
11,36,2.016404390335083,1666.6182067337668,14320.556405943782,0.0109519381076097,0.153471827507019,0.0975162163376808,-0.834541380405426,0.823488175868988
11,36,2.016404390335083,7969.976392257362,12455.59933373072,0.3380294442176819,0.1854671090841293,0.3724768757820129,-1.170272946357727,0.4751572608947754
11,36,2.016404390335083,3291.878805191536,10235.897659899794,0.4112330675125122,-0.1580099910497665,0.1076551899313926,-0.9394047856330872,0.577840268611908
11,36,2.016404390335083,-7774.177587434338,15982.154950924005,0.2730414271354675,-0.3193834125995636,-0.0017912458861246,-1.0070306062698364,0.7216519117355347
11,36,2.016404390335083,4715.030206370549,13692.640600635048,0.6109681129455566,-0.2272721081972122,0.264706403017044,-0.9853732585906982,0.8094255328178406
11,36,2.016404390335083,5080.357844792037,12384.578619505335,0.4845647811889648,-0.7042486071586609,-0.1721423417329788,-1.0980584621429443,0.5164272785186768
12,39,2.0780537128448486,6779.609762788396,11953.269212867654,-0.774644136428833,0.4632175862789154,-0.3786752223968506,-0.7302956581115723,0.3563359081745147
12,39,2.0780537128448486,7545.46423226731,11842.068578855224,-0.6056824922561646,0.2644794881343841,-0.3190467059612274,-0.7471325993537903,0.5866321921348572
12,39,2.0780537128448486,6612.374057853873,12228.730075344836,-0.5273455381393433,0.4051664769649505,-0.0488084219396114,-0.8689735531806946,0.823024332523346
12,39,2.0780537128448486,8532.66217090734,11503.879537549166,-0.4418671131134033,0.207758679986,-0.4568535387516022,-0.2840611934661865,0.7470805644989014
12,39,2.0780537128448486,7059.405999140128,12121.663123566435,-0.9859660863876344,0.3247999548912048,-0.4412130415439605,-0.8419634699821472,0.7354647517204285
12,39,2.0780537128448486,5406.3938942751765,12729.077977721545,-0.5708826184272766,0.1948801428079605,-0.348925918340683,-0.6590226888656616,0.7243130207061768
12,39,2.0780537128448486,7592.199681781583,11887.088504452784,-0.74652099609375,0.3456920981407165,-0.3482648134231567,-0.7914853692054749,0.5393356680870056
12,39,2.0780537128448486,5890.286739465534,11566.159585044335,-0.5666071176528931,0.0322630330920219,-0.506589412689209,-0.4625953137874603,0.96113783121109
12,39,2.0780537128448486,7926.945845747365,11784.54055445909,-0.7112071514129639,0.1029382497072219,-0.4451875388622284,-0.5539377927780151,1.155620574951172
12,39,2.0780537128448486,187.6250390144869,14096.081872952696,-0.6940427422523499,0.2046968787908554,-0.3260965049266815,-0.7986109852790833,0.8883732557296753
13,42,2.000047206878662,342.82443973457794,14440.482073164412,0.4069949984550476,-0.1082140803337097,0.1223532930016517,-0.7174229025840759,0.8836290836334229
13,42,2.000047206878662,6108.953911580288,11186.108695499695,-0.08612921833992,-0.1772119402885437,-0.280423492193222,-0.6663264632225037,0.7459677457809448
13,42,2.000047206878662,5998.62693335602,12357.122688509837,0.2713979184627533,0.2423127889633178,0.1754787862300872,-0.55284184217453,0.8475069999694824
13,42,2.000047206878662,6085.032809041134,11890.230583371052,0.4515176117420196,0.1050712466239929,0.1914776116609573,-0.6833827495574951,0.5875917077064514
13,42,2.000047206878662,5366.326827304228,8978.318601121382,-0.0758914798498153,-0.003748525166884,-0.1144725605845451,-0.7817825078964233,0.6431518793106079
13,42,2.000047206878662,6544.824421333778,12054.183791183736,0.0649962574243545,0.0759980082511901,-0.0069582946598529,-0.5755075812339783,0.9595857262611388
13,42,2.000047206878662,6107.327046411124,12320.46177271612,0.581327497959137,-0.0414185486733913,0.1493421792984008,-0.5012513995170593,0.8699942231178284
13,42,2.000047206878662,6157.476066571537,12290.050595097848,0.5274867415428162,0.1542881578207016,0.3421073257923126,-0.7065024971961975,0.8277194499969482
13,42,2.000047206878662,292.9308037781475,12926.809143889985,0.2771777510643005,-0.1531479507684707,-0.0765174105763435,-0.6389781832695007,0.7293919920921326
13,42,2.000047206878662,4696.215697338752,11135.65378582897,0.251238077878952,-0.114181138575077,-0.1108525320887565,-0.5684988498687744,0.6475000977516174
14,45,1.9530503749847408,20630.43800016844,674.2819590353636,0.342113733291626,-0.5238209366798401,-0.0772400498390197,-1.009668469429016,0.8272576332092285
14,45,1.9530503749847408,5371.854759071323,1165.4536112592366,0.3587870597839355,-0.2401494979858398,0.010743991471827,-0.8405579328536987,0.6737706065177917
14,45,1.9530503749847408,30277.411706101964,675.3065582629188,0.1307705044746399,-0.5766078233718872,-0.4403252899646759,-0.6907739639282227,0.7236966490745544
14,45,1.9530503749847408,-1293.862620910564,7188.211887229302,0.3456675410270691,-0.4764373898506164,-0.146036610007286,-0.921357035636902,0.540306806564331
14,45,1.9530503749847408,11053.86995428122,8239.822553598704,0.5892679691314697,-0.4109893143177032,0.1991980075836181,-1.1945114135742188,0.7230369448661804
14,45,1.9530503749847408,-1910.764643723407,6925.299663865524,0.4377063810825348,-0.3229872584342956,-0.0944643393158912,-0.7461987733840942,0.5462470054626465
14,45,1.9530503749847408,-11020.13434803759,12345.979604299524,0.4093073308467865,-0.3610349297523498,-0.0963153019547462,-0.7303990125656128,0.6952168345451355
14,45,1.9530503749847408,6398.232035269566,4103.959190076643,0.0107128340750932,-0.0772293135523796,0.0596042685210704,-1.1356920003890991,0.6972532868385315
14,45,1.9530503749847408,3268.603913068754,9570.16022437243,-0.0400648787617683,-0.3476072549819946,-0.3406204879283905,-0.7516299486160278,0.7309195399284363
14,45,1.9530503749847408,81990.65720442803,9.004605586502919,0.6730878949165344,-0.8060849905014038,-0.2596078217029571,-0.6708928942680359,0.8179551362991333
15,48,1.9539759159088133,9466.372477736706,9738.372219462148,0.1855267584323883,-0.0397762171924114,-0.3610435128211975,-0.0602772533893585,0.7094822525978088
15,48,1.9539759159088133,6522.128613976802,12037.890894926728,0.3591668009757995,-0.2070604860782623,-0.3487724661827087,-0.3597442507743835,0.2368095964193344
15,48,1.9539759159088133,4063.6039549503103,12010.884417450929,0.4310409724712372,-0.1633157432079315,-0.3645528554916382,-0.2903183698654175,0.0683892220258712
15,48,1.9539759159088133,585.6322069413027,13143.474340820529,0.2709089517593384,-0.0331396386027336,-0.1841540783643722,-0.4154479503631592,0.4378502964973449
15,48,1.9539759159088133,1067.2671060090747,13859.212967705927,0.3698344230651855,-0.3071281015872955,-0.2063111066818237,-0.646359920501709,0.3942730724811554
15,48,1.9539759159088133,2329.89549991926,12223.585118034947,0.3976851105690002,-0.1908787339925766,-0.3458069264888763,-0.2221573442220688,0.3686408698558807
15,48,1.9539759159088133,-604.7926105210017,13845.057886961902,0.4969866275787353,-0.242818996310234,-0.2743504643440246,-0.2899743020534515,0.4260589778423309
15,48,1.9539759159088133,2813.2998623052863,10057.358976681426,0.0402935333549976,0.1934962421655655,-0.1101697012782096,-0.5830665826797485,0.3649883866310119
15,48,1.9539759159088133,6279.285405167174,12086.6637878029,0.1018693074584007,0.2758778631687164,-0.2342739403247833,-0.2582833468914032,0.2316210120916366
15,48,1.9539759159088133,5270.191129432202,12590.89754859471,0.4915274083614349,-0.2826590538024902,-0.1886684000492096,-0.5586703419685364,0.3358812928199768
16,51,2.081501007080078,1180.28623389659,7210.102755903254,-0.2091938406229019,-0.7358018159866333,-0.7760798335075378,-0.5012505650520325,1.105835199356079
16,51,2.081501007080078,879.4458949715477,14678.023254307836,0.2591149508953094,-1.174848556518555,-0.9010607600212096,-0.4833592474460602,0.7376884818077087
16,51,2.081501007080078,4276.924909662147,12752.48809524371,0.1453761011362075,-0.8336222767829895,-0.7894132733345032,-0.4554765820503235,0.5225802063941956
16,51,2.081501007080078,2055.264714018853,14204.37104052576,0.1095706596970558,-1.1675695180892944,-0.9449051022529602,-0.6151573061943054,0.7306930422782898
16,51,2.081501007080078,-2081.1675216312688,15751.765354204776,0.2416127473115921,-1.1391396522521973,-0.848680853843689,-0.5236477255821228,0.7400489449501038
16,51,2.081501007080078,7876.948535543079,11879.089375911622,0.0706212818622589,-1.6315884590148926,-1.444042444229126,-0.080699935555458,1.444887638092041
16,51,2.081501007080078,11473.405112960416,4129.543899366008,0.0993466898798942,-0.8186118602752686,-0.6956599354743958,-0.5415163040161133,0.8149517178535461
16,51,2.081501007080078,6742.382113593365,12246.77785373386,0.1756352931261062,-1.069490909576416,-0.8758419156074524,-0.6100292801856995,0.5077705383300781
16,51,2.081501007080078,-2120.0290540430306,15053.113328652656,0.1353321671485901,-1.0914641618728638,-0.821827232837677,-0.6724300384521484,0.7073617577552795
16,51,2.081501007080078,2415.7863222400465,13246.106071065697,-0.1224061474204063,-0.4487389028072357,-0.7190850377082825,-0.3878342509269714,0.5188150405883789
17,54,2.0780417919158936,2275.1444490717454,8174.2347622532925,0.6316794157028198,-0.2124796956777572,-0.4112624526023865,0.1298888474702835,0.4503915309906006
17,54,2.0780417919158936,4520.036180301551,10685.48302542676,0.9773983359336852,-0.321902185678482,-0.0614940226078033,-0.1158525422215461,0.8142268657684326
17,54,2.0780417919158936,4733.128790961977,11451.589022073844,0.7401655912399292,0.1107993200421333,0.0751422047615051,-0.0031919316388666,1.0017305612564087
17,54,2.0780417919158936,5303.359371486503,8561.95744921036,0.5464174151420593,-0.0195094868540763,-0.0716367438435554,-0.2090696543455124,0.6569881439208984
17,54,2.0780417919158936,3385.272482128872,10299.748430362515,0.5282867550849915,0.0382535457611084,-0.0499197877943515,-0.1575137078762054,0.746889591217041
17,54,2.0780417919158936,5176.057219496947,8616.22570333013,0.5564295649528503,-0.0174289960414171,-0.0672996416687965,-0.2180812209844589,0.6548265814781189
17,54,2.0780417919158936,6496.285842426204,11199.162918849324,0.6467325091362,-0.0492955408990383,-0.0938923805952072,0.0817452445626258,1.09156596660614
17,54,2.0780417919158936,1340.4974250398318,7455.685301355299,0.4109206795692444,-0.0240466520190238,-0.293814480304718,-0.09146748483181,0.4066119194030761
17,54,2.0780417919158936,7891.579872449824,10734.497500887,0.7364773750305176,-0.1429622769355774,-0.106278583407402,0.1261722147464752,1.1910881996154783
17,54,2.0780417919158936,-1040.4073807675795,12516.695327857324,0.5404277443885803,0.0748528391122818,-0.0440090782940387,-0.0746636390686035,0.8367420434951782
18,57,2.000164747238159,6583.632671091292,3824.327372259813,0.1038991808891296,-0.2259658873081207,-0.253848671913147,-0.6048718094825745,0.6817952394485474
18,57,2.000164747238159,4841.0863660510895,10348.244576369329,-0.5651097297668457,0.1367635130882263,-0.4928928911685943,-0.5560851693153381,0.5225547552108765
18,57,2.000164747238159,9697.122585136867,7245.715427509307,-0.6526342630386353,0.2606236338615417,-0.2790897190570831,-0.7021994590759277,1.0030745267868042
18,57,2.000164747238159,5815.534690654658,6917.52631104468,-0.2286787033081054,0.0713591203093528,-0.1294152438640594,-0.748885452747345,0.8963879346847534
18,57,2.000164747238159,5174.75202441777,10906.813871260056,-0.4732864201068878,0.3213639557361603,-0.2591977119445801,-0.5858262181282043,0.6746526956558228
18,57,2.000164747238159,447.1726456152155,9740.49889894635,0.0012920851586386,-0.0343888252973556,-0.1659296005964279,-0.753296971321106,0.5159662961959839
18,57,2.000164747238159,6625.37905343513,6820.463292165446,-0.3798228204250335,-0.0914387851953506,-0.4177086949348449,-0.5151796936988831,1.0328816175460815
18,57,2.000164747238159,676.437327754621,11592.135803709682,-0.5736267566680908,0.2822411954402923,-0.3012890517711639,-0.6435953974723816,0.7481802105903625
18,57,2.000164747238159,1120.0019283814768,9705.990438237211,-0.0381052233278751,0.1313978433609008,-0.1878460049629211,-0.5645816326141357,0.4539085924625397
18,57,2.000164747238159,3917.3444080644,10456.42873304391,-0.3030515015125274,-0.0377426035702228,-0.4740373790264129,-0.3888863623142242,0.7182459235191345
19,60,2.0000641345977783,4010.590944186104,3263.5457601017943,0.416013091802597,-0.6350940465927124,-0.0046342108398675,-1.3803181648254397,0.601235568523407
19,60,2.0000641345977783,-17013.462995005113,17121.503220163104,0.3134954273700714,-0.4859508275985718,-0.1843342930078506,-0.8761422038078308,0.6778953671455383
19,60,2.0000641345977783,7648.153897866498,5880.59924346411,0.5804963707923889,-0.4582629799842834,0.1049808412790298,-1.091338038444519,0.7122104167938232
19,60,2.0000641345977783,-5845.458442449493,9851.547204080734,0.4641419053077698,-0.8550149202346802,-0.3434511721134186,-0.9051955342292786,0.6590978503227234
19,60,2.0000641345977783,-18544.483909631344,18577.216973752824,0.1845274716615677,-0.5022239089012146,-0.1914749890565872,-0.9934605360031128,0.7371824979782104
19,60,2.0000641345977783,7305.364867259297,5493.042963661384,0.5819366574287415,-0.7175309658050537,-0.0272029787302017,-1.1314301490783691,0.8127569556236267
19,60,2.0000641345977783,-3432.614044784696,7826.2628758258525,0.1315954178571701,-0.5304743647575378,-0.0711535066366195,-1.4120185375213623,0.6217499375343323
19,60,2.0000641345977783,-628.994050505165,7412.53743210941,0.098508208990097,-0.3065371215343475,-0.1663911342620849,-0.9726675152778624,0.5070867538452148
19,60,2.0000641345977783,1569.7809624266893,10227.18080895331,0.4011407792568207,-0.8226426243782043,-0.3412955701351166,-1.039207100868225,0.4517709016799927
19,60,2.0000641345977783,25193.33638486475,802.9236785798453,0.433621734380722,-0.8998103737831116,-0.3854667842388153,-0.8842837810516357,0.716937780380249
20,63,3.499444961547852,1348.7601924401024,9902.193600574972,0.1079125106334686,-0.0396642051637172,-0.3966588973999023,-0.1130084320902824,0.6688545942306519
20,63,3.499444961547852,-174.185726558223,9020.854951106312,0.3472974896430969,0.0102288732305169,-0.1070508435368537,-0.408323734998703,0.4743951559066772
20,63,3.499444961547852,4702.835133081301,10169.100407371609,0.5456296801567078,0.1404146254062652,0.0919995605945587,-0.4090414345264435,0.5036983489990234
20,63,3.499444961547852,4874.205703056074,10033.01466458753,0.2498146891593933,-0.1548319160938263,-0.4096267223358154,-0.3964611887931824,0.0812165811657905
20,63,3.499444961547852,240.5678540608169,9884.115371726595,0.1674012690782547,0.1605591773986816,-0.1373456716537475,-0.277962177991867,0.6374469995498657
20,63,3.499444961547852,94004.4123730917,0.4496843999420257,0.3720377087593078,-0.4801065027713775,-0.3909034729003906,-0.3128931522369385,0.7925812005996704
20,63,3.499444961547852,2319.795960167408,8320.215974376279,0.1836719810962677,-0.0638369172811508,-0.435029536485672,-0.0947315245866775,0.4357101917266845
20,63,3.499444961547852,1434.7063734896146,8966.251230243459,0.1845821440219879,0.2365786880254745,-0.2577480375766754,-0.0704815611243248,0.411530077457428
20,63,3.499444961547852,4080.660323805702,9975.82037224022,-0.0727607533335685,0.2113414406776428,-0.4587273299694061,-0.0380754321813583,0.3799364268779754
20,63,3.499444961547852,1893.79152500022,10720.192193485836,-0.2093050628900528,0.3196808099746704,-0.2375488877296447,-0.3516270220279693,0.5866209268569946
21,66,3.312467575073242,6358.017255886311,9524.661133236235,0.6476682424545288,-0.3118610680103302,-0.4083561301231384,0.4157122075557709,1.2883025407791138
21,66,3.312467575073242,4674.807494734692,9843.75402935122,0.9506577253341676,-0.2477580457925796,-0.4136803150177002,0.3576032519340515,0.3895529508590698
21,66,3.312467575073242,6349.5744224923,9271.623837512696,0.8970911502838135,0.1649196743965149,-0.2698428332805633,0.6520991921424866,0.6290032863616943
21,66,3.312467575073242,5376.1270521252745,9597.3785147115,0.8908751010894775,0.2924705445766449,-0.1629119515419006,0.5761681199073792,0.5858244895935059
21,66,3.312467575073242,-10224.678535805328,15644.808837862747,0.9627766609191896,0.0165417622774839,-0.2640464901924133,0.6476554870605469,0.9141218066215516
21,66,3.312467575073242,-3656.5887012207095,8334.518576825685,0.7180352210998535,-0.1325554996728897,-0.4176448285579681,0.5400968194007874,0.9150413870811462
21,66,3.312467575073242,-2749.4421510628326,11773.928134263566,0.9479562640190125,-0.3573172986507416,-0.3387268483638763,0.3279505670070648,0.8318611979484558
21,66,3.312467575073242,6198.011304994911,9587.116613569426,1.2441442012786863,0.0873296782374382,0.1605465412139892,0.1364246755838394,0.6318236589431763
21,66,3.312467575073242,4441.393443875146,10293.616263049442,1.4139546155929563,-0.37322598695755,-0.2221532315015792,0.4797514081001282,0.8636799454689026
21,66,3.312467575073242,-9731.22501667436,15155.031880750696,0.9150132536888124,0.094235748052597,-0.2902556955814361,0.726886510848999,0.8647112250328064
22,69,3.673660755157471,1140.2351023247652,10842.332698432238,0.3939854502677917,0.1814395189285278,0.2041777372360229,-0.6266745328903198,0.6570866703987122
22,69,3.673660755157471,-467.3627433247793,9906.166947088,0.1172399744391441,0.2129107862710952,0.1304923295974731,-0.7469269037246704,0.6605314612388611
22,69,3.673660755157471,5277.721806581266,2826.7886297544896,0.1798280179500579,0.0137825487181544,-0.0333850346505641,-0.5316381454467773,0.8499495387077332
22,69,3.673660755157471,361.15728189649417,10817.991705490673,0.3552436530590057,0.2523506879806518,0.1667484641075134,-0.5284273028373718,0.6427545547485352
22,69,3.673660755157471,4660.237139057972,9606.39188604964,0.5255230069160461,-0.207044169306755,0.0728921443223953,-0.8839678764343262,0.405334323644638
22,69,3.673660755157471,-949.7855025642148,8372.822474772858,0.3011578917503357,0.1205507218837738,0.1280953288078308,-0.6363933682441711,0.7186940908432007
22,69,3.673660755157471,2866.263097871907,10185.739850649808,0.2535755932331085,0.1500531584024429,0.1874770671129226,-0.8681525588035583,0.5796729326248169
22,69,3.673660755157471,-225.61736700621623,10187.250216576069,0.2857872247695923,0.401975005865097,0.1131456717848777,-0.3022129833698272,0.6668086051940918
22,69,3.673660755157471,5813.316667198751,9425.045802501863,0.6754235029220581,0.0765159428119659,0.4346849620342254,-0.7624642252922058,0.9764748811721802
22,69,3.673660755157471,5885.959700800295,9558.91038721912,0.3510330617427826,0.2109533101320266,0.4064258933067322,-1.0441372394561768,0.7188271284103394
23,72,3.670698642730713,10086.404357830868,5065.482596134983,0.6903911828994751,-0.2151415646076202,-0.456391304731369,0.4484046995639801,0.841117262840271
23,72,3.670698642730713,5035.415753237252,7179.59188812838,0.6819896101951599,0.1541862338781356,-0.2939870357513428,0.5139574408531189,0.695580005645752
23,72,3.670698642730713,1954.8080466560125,9467.96264512082,0.6363823413848877,0.0091484431177377,-0.3240677118301391,0.5026728510856628,1.0403103828430176
23,72,3.670698642730713,-3003.211483463193,8667.111473778665,0.8016208410263062,0.2629958987236023,-0.2513940930366516,0.7467747926712036,0.8932520151138306
23,72,3.670698642730713,-539.1299333632346,1759.3281475873214,0.937000036239624,-0.0467854999005794,-0.3228490948677063,0.578730046749115,0.7751524448394775
23,72,3.670698642730713,-2910.66758424248,10151.577836624385,0.5066177845001221,0.2257190495729446,-0.3534245491027832,0.6324668526649475,0.9310348033905028
23,72,3.670698642730713,6588.01622089393,9076.284318495476,0.6187976598739624,-0.2759813666343689,-0.4316343069076538,0.4447734355926513,1.244902729988098
23,72,3.670698642730713,3217.0578738813306,9148.647147468746,1.1338378190994265,0.1979070156812667,-0.3744884431362152,1.057495355606079,0.6657660007476807
23,72,3.670698642730713,6585.690893174979,9074.167996995224,0.6426403522491455,-0.0555940680205822,-0.4367577135562897,0.6967434287071228,1.2013355493545532
23,72,3.670698642730713,-255.2920234504786,10976.706159594554,0.7821044325828552,0.0701219663023948,-0.498101532459259,0.9038186073303224,0.866904079914093
24,75,3.515846967697144,5523.572440900633,6812.188033903285,0.4361741542816162,0.393919825553894,-0.3155896961688995,0.5174766778945923,0.6061574816703796
24,75,3.515846967697144,6486.426362499436,6751.2758869457775,0.2822100818157196,0.121468648314476,-0.425247848033905,0.3175784945487976,0.6929299831390381
24,75,3.515846967697144,1241.865463276935,10696.238476105673,0.4156174957752228,0.2481040805578231,-0.4155210852622986,0.7075139880180359,1.0116020441055298
24,75,3.515846967697144,6094.292305481022,6923.94272792543,0.5863313674926758,0.3711133003234863,-0.251097708940506,0.6113356947898865,0.7206305861473083
24,75,3.515846967697144,6990.38809819256,7304.465994945465,0.3753565549850464,0.4988223314285278,-0.2883785963058471,0.600062370300293,0.7329686284065247
24,75,3.515846967697144,2155.4093880377663,10296.360735740647,0.536421000957489,0.158676266670227,-0.5016881227493286,0.8581851720809937,1.002570867538452
24,75,3.515846967697144,5884.414108536117,9138.816451920264,0.9419757723808287,0.3414897322654724,-0.3317214846611023,0.7768486738204956,0.2547705173492431
24,75,3.515846967697144,6320.664000124084,7256.304906372475,0.7764431834220886,0.3657775819301605,-0.1309989094734192,0.6218785047531128,0.8204503655433655
24,75,3.515846967697144,-111.84375578278332,8476.024892430043,0.636397659778595,0.4480054676532745,-0.2011465281248092,0.7482360005378723,0.9398460984230042
24,75,3.515846967697144,5410.949948187313,6807.061947049116,0.7355818152427673,0.1081718876957893,-0.2259355783462524,0.3786240816116333,0.690739631652832
25,78,3.7344040870666495,4951.366589903119,9424.875117692867,-0.0336103215813636,0.6044469475746155,-0.2267361134290695,0.002479167887941,0.2978077828884125
25,78,3.7344040870666495,3738.329456975083,9553.80228718236,-0.0960749164223671,0.3257800042629242,-0.4810676872730255,0.0593346431851387,0.3108472824096679
25,78,3.7344040870666495,3588.0552227765406,9705.639255167767,0.076383851468563,0.6737960577011108,-0.1935073286294937,0.152817890048027,0.3527400195598602
25,78,3.7344040870666495,3358.519381849924,9784.65462178794,-0.0770465582609176,0.4873041808605194,-0.3909980356693268,0.1163725703954696,0.3630337119102478
25,78,3.7344040870666495,5857.557375723428,9148.701004204326,0.0011403268435969,0.5880345106124878,-0.220513179898262,-0.0615340732038021,0.2000573873519897
25,78,3.7344040870666495,476.79354076947584,6924.548133180516,-0.1319068968296051,0.4284629821777344,-0.414153903722763,0.1495822668075561,0.5804027318954468
25,78,3.7344040870666495,1053.819674507539,9577.9680753814,0.0442738607525825,0.4603706896305084,-0.3720081746578216,0.221699446439743,0.4298119246959686
25,78,3.7344040870666495,4139.791862913449,9404.983009944515,0.3058253824710846,0.3094083368778229,-0.3287901580333709,0.0530476793646812,0.060600645840168
25,78,3.7344040870666495,3166.275106683808,9439.734471059402,-0.1548215299844741,0.2291411161422729,-0.4293097257614136,-0.1886857599020004,0.3409366607666015
25,78,3.7344040870666495,728.3058913185564,9525.347320113644,0.204739972949028,0.4811932742595672,-0.2340429723262787,0.1876067817211151,0.4519236087799072
26,81,3.4529829025268555,2332.264512956237,10153.702666506302,0.2699139714241028,-0.10779869556427,-0.263705849647522,-0.498191088438034,0.2018043100833892
26,81,3.4529829025268555,-2132.0657553340766,5351.416219608777,0.404996395111084,0.0031776200048625,0.0332884155213832,-0.5339422821998596,0.6352079510688782
26,81,3.4529829025268555,5438.613801413052,9515.631607839476,0.3458970189094543,0.1913152486085891,-0.0811940431594848,-0.5858479142189026,-0.1151088699698448
26,81,3.4529829025268555,3615.2332630036126,9849.354168397947,0.224752202630043,0.0629054829478263,-0.2227391004562378,-0.4738247990608215,0.1067317798733711
26,81,3.4529829025268555,1614.5719916329665,10428.033245881144,0.304749995470047,0.1388143450021743,-0.0794966667890548,-0.4560666382312774,0.26276695728302
26,81,3.4529829025268555,4042.163303015166,9563.789378307149,0.3546836674213409,-0.073907732963562,-0.1590611487627029,-0.7206432819366455,-0.0685445666313171
26,81,3.4529829025268555,2589.46435104128,9355.233980661777,0.5262326598167419,-0.1060561463236808,-0.187686800956726,-0.490488052368164,0.0072814263403415
26,81,3.4529829025268555,2758.822778741272,9961.82419914561,0.35429248213768,-0.0492658391594886,-0.2072320878505706,-0.4667373597621918,0.1596401780843734
26,81,3.4529829025268555,2176.03946285476,9992.84379135381,0.447284072637558,-0.3582888543605804,-0.4343049228191376,-0.2957817018032074,0.2524561882019043
26,81,3.4529829025268555,4186.382447833294,9675.58848903271,0.5135358572006226,0.2841772735118866,-0.1698275953531265,-0.1117415726184845,-0.0727627575397491
27,84,3.125004529953003,5457.872932698687,8871.03084249453,0.4285860955715179,-0.8424817323684692,-1.0689420700073242,0.4678724408149719,0.8826121687889099
27,84,3.125004529953003,5960.220513621211,8908.773375742723,0.5250228047370911,-1.0245320796966553,-1.1986877918243408,0.5249040722846985,0.8702722787857056
27,84,3.125004529953003,4008.760506986467,9168.242649336413,0.5285815596580505,-0.7728855013847351,-0.8638277053833008,0.367145299911499,0.994156539440155
27,84,3.125004529953003,5581.625306773541,8772.093529619031,0.3973067998886108,-0.2735573053359985,-0.7408917546272278,0.5456455945968628,0.8023088574409485
27,84,3.125004529953003,3811.073864125585,8742.48718729019,0.1785860061645507,-0.4153947830200195,-0.8812437653541565,0.5227201581001282,1.0856317281723022
27,84,3.125004529953003,4425.762656845508,9234.600787443627,0.3570599555969238,-0.1337326616048813,-0.6875765919685364,0.5200773477554321,0.6640940308570862
27,84,3.125004529953003,3567.858705845655,9153.425523017848,0.178117960691452,-0.2830346822738647,-0.8008043766021729,0.5445533394813538,1.0462909936904907
27,84,3.125004529953003,4476.485132583988,8890.30312687874,0.4377366602420807,-0.5722344517707825,-0.755979597568512,0.3824358284473419,1.099617838859558
27,84,3.125004529953003,3813.4636783458736,8696.367395465913,0.1997560262680053,-0.4721520245075226,-0.761424720287323,0.1008703783154487,0.6837103962898254
27,84,3.125004529953003,4415.989689569706,9069.256238955946,0.3399307429790497,-0.4604608118534088,-0.7522461414337158,0.2333544343709945,0.664944052696228
28,87,2.968388080596924,2920.498244667953,7919.258993532219,-0.1871755570173263,1.1325711011886597,-0.2415306270122528,0.4406857192516327,0.428127110004425
28,87,2.968388080596924,2167.6790227709425,8708.516808644898,0.1752330213785171,0.8327059149742126,-0.3703505396842956,0.7563040256500244,0.4757746458053589
28,87,2.968388080596924,1755.1298809124569,8873.408469697562,0.0051362863741815,0.9259405136108398,-0.2760195434093475,0.5490084290504456,0.5074828863143921
28,87,2.968388080596924,3501.832696124549,9044.861766191822,-0.2764183580875397,0.9955836534500122,-0.3846996426582336,0.5334882140159607,0.6137009263038635
28,87,2.968388080596924,2042.9947678977128,8962.789109383755,-0.1618246734142303,0.9059464335441588,-0.3945083618164062,0.582013726234436,0.5684136152267456
28,87,2.968388080596924,2120.768613587664,9188.870621218915,-0.2251497358083725,0.5780109167098999,-0.5343283414840698,0.3532525897026062,0.4562650024890899
28,87,2.968388080596924,2071.302460013665,6006.764541199329,0.0039040555711835,1.0429632663726809,-0.2702096402645111,0.5659047365188599,0.3228008449077606
28,87,2.968388080596924,3092.155005172369,8902.901623936394,-0.1872430741786956,0.9184947609901428,-0.4669467806816101,0.5758799314498901,0.3956123292446136
28,87,2.968388080596924,3982.242721727429,9107.147400023652,-0.3235290348529815,0.9825980067253112,-0.5164267420768738,0.6214027404785156,0.4552254378795624
28,87,2.968388080596924,3062.410138449292,8424.352730342567,-0.3703374564647674,0.9834135174751282,-0.3693974316120147,0.2579262554645538,0.3123859763145447
29,90,3.281101942062378,1572.734794195126,6649.199486919627,-0.1380591094493866,-0.1540416330099105,-0.510019063949585,-0.3966256976127624,0.500505268573761
29,90,3.281101942062378,1234.9984896358897,8174.964041619309,0.2109473049640655,-0.3568421304225921,-0.5631760954856873,-0.1287130266427993,0.6166629791259766
29,90,3.281101942062378,17634.553431530876,1303.3575621886484,0.3549343347549438,-0.0818696320056915,-0.2975273430347442,-0.0140596739947795,0.7504004836082458
29,90,3.281101942062378,755.9141914927345,8163.526476230619,0.3278314471244812,-0.2880052924156189,-0.4717373847961426,-0.2243677228689193,0.3128113746643066
29,90,3.281101942062378,3159.767440914059,8678.744228330415,-0.0679138302803039,0.1458907425403595,-0.5795702934265137,0.0183984450995922,0.2264178097248077
29,90,3.281101942062378,1215.3654473892866,8350.17249524389,-0.1931660324335098,-0.0792627036571502,-0.5730072259902954,-0.2874180972576141,0.4478071630001068
29,90,3.281101942062378,1850.9602179836484,8857.889829664717,-0.1007709726691246,-0.2534915208816528,-0.6287369728088379,-0.2715469300746918,0.5140578150749207
29,90,3.281101942062378,5022.456720740969,8634.95137555392,-0.1975474655628204,-0.0746353045105934,-0.5501818060874939,-0.5201961994171143,0.0925120264291763
29,90,3.281101942062378,1400.5238199493108,8261.872400559847,0.0774542465806007,-0.3753924667835235,-0.6080918908119202,-0.2817648947238922,0.484237402677536
29,90,3.281101942062378,3302.071812748966,8477.067783271183,-0.0991056933999061,-0.0770938619971275,-0.7523289918899536,0.07889024913311,0.3441056311130523
30,93,3.609386682510376,-735.5851324143796,3299.141306066521,0.6270721554756165,-0.5925751328468323,-0.2111102640628814,-0.6823568344116211,0.4972104728221893
30,93,3.609386682510376,945.3066226806238,8325.892491446406,0.3364214599132538,-0.5158931016921997,-0.3756913244724273,-0.6790188550949097,0.3462517559528351
30,93,3.609386682510376,3745.755035003367,8762.412386214639,-0.1014351993799209,-0.0686528161168098,-0.4264659881591797,-0.656279444694519,0.054698210209608
30,93,3.609386682510376,3939.825685359395,8963.308229538945,0.4520227611064911,-0.6810771822929382,-0.546812117099762,-0.5052967667579651,0.2299457937479019
30,93,3.609386682510376,3729.2580668103656,8349.701466733219,0.3136757016181946,-0.3958781063556671,-0.3805099129676819,-0.6579696536064148,0.1292547285556793
30,93,3.6250081062316895,3631.498317847163,8682.748364469533,0.3669612109661102,-0.583847165107727,-0.6198942065238953,-0.3444774448871612,0.2308388650417328
30,93,3.6250081062316895,3749.0989756970303,8788.769858439158,0.4375638961791992,-0.5511264204978943,-0.3749372661113739,-0.7753555774688721,0.0516883060336113
30,93,3.6250081062316895,4283.860010583971,8814.553058557813,0.5326613187789917,-0.6912646293640137,-0.4242353439331054,-0.7044284343719482,0.2029476165771484
30,93,3.6250081062316895,3023.95641560956,8855.9139414619,0.3933902978897095,-0.2139385789632797,-0.1872408539056778,-0.7885712385177612,-0.0098910080268979
30,93,3.6250081062316895,5602.190390806749,8654.577273600002,0.689324676990509,-1.0090858936309814,-0.5260623693466187,-0.8350852727890015,0.0874180793762207
31,96,3.124533176422119,3352.661152076609,8640.831517679635,-0.4155000448226928,-0.049986682832241,-0.679394006729126,-0.2568672597408294,0.5594345331192017
31,96,3.124533176422119,4929.789754837908,8307.679490962997,-0.3725548088550567,-0.0820568725466728,-0.6733930110931396,-0.5281359553337097,0.0835058093070983
31,96,3.124533176422119,12465.836213517074,4160.62155664865,-0.558358371257782,0.1591818183660507,-0.7170965671539307,0.0042536607943475,0.7833709716796875
31,96,3.124533176422119,1214.5694856442951,7437.609649042174,-0.3968818783760071,0.1116001158952713,-0.5431681871414185,-0.196619302034378,0.7038753032684326
31,96,3.124533176422119,2304.322552111051,7700.07973230985,-0.5400447249412537,0.3877575099468231,-0.6220703125,-0.0091142235323786,0.4940119087696075
31,96,3.124533176422119,1905.9417592893287,8795.636966142682,-0.3730380833148956,0.0222656931728124,-0.5846179723739624,-0.2780810296535492,0.5963869690895081
31,96,3.124533176422119,961.742785941839,7532.648824446832,-0.0268641486763954,0.1295482516288757,-0.5262027978897095,-0.0361606329679489,0.2319303750991821
31,96,3.124533176422119,-68.7223898774314,4873.4558538094725,-0.28016397356987,-0.0332459025084972,-0.6897492408752441,-0.1992829442024231,0.3018480837345123
31,96,3.124533176422119,2894.0630910189084,8707.744821944547,-0.191708967089653,-0.0664450526237487,-0.7010995745658875,0.0064033889211714,0.5533177852630615
31,96,3.124533176422119,5575.552356295209,6411.717141636354,-0.2844984531402588,0.3529326915740967,-0.5547378063201904,0.2381690740585327,0.7562000751495361
32,99,3.265782117843628,2827.392583238756,7966.246701657185,-0.1039353907108306,-0.3297716379165649,-0.6359294056892395,-0.5369183421134949,0.1762427985668182
32,99,3.265782117843628,912.0354648187852,6249.106978616752,0.1691710501909256,-0.2350661307573318,-0.4032502174377441,-0.6434274911880493,0.0046576503664255
32,99,3.265782117843628,4455.785081999791,8382.732048619031,-0.0238693840801715,-0.4424549639225006,-0.6867195963859558,-0.5682625770568848,0.1065693423151969
32,99,3.265782117843628,2456.4892789508394,8017.927033147138,0.1746531724929809,-0.2350735813379287,-0.2448158115148544,-0.8859798908233643,0.0810977816581726
32,99,3.265782117843628,-231.5256587520107,7323.841221862229,0.1408535242080688,-0.1430158913135528,-0.4147248864173889,-0.3740079402923584,0.2636289596557617
32,99,3.265782117843628,1112.0375157413146,8008.194673503272,0.2017623782157898,-0.3619638383388519,-0.4024200737476349,-0.6524620652198792,0.1666791290044784
32,99,3.265782117843628,1713.340809151186,7667.734261822614,0.1863951086997985,-0.5265251994132996,-0.40036740899086,-1.0172107219696045,0.0260793361812829
32,99,3.265782117843628,710.2014472749725,5476.090410165559,0.0171865597367286,-0.0560133755207061,-0.4171507954597473,-0.5778018236160278,-0.0325204320251941
32,99,3.265782117843628,2426.5901539727097,8424.007048428657,0.0058475867845118,-0.3428381979465484,-0.5588605403900146,-0.5545263886451721,0.169015347957611
32,99,3.265782117843628,3329.146522570217,8625.005102942441,-0.035000666975975,-0.3096567988395691,-0.4494476616382599,-0.8349498510360718,0.0919217467308044
33,102,3.468179225921631,-9799.854191739802,9929.026000854314,0.138754516839981,-0.4156186878681183,-0.1506228893995285,-0.9856775403022766,0.7560718655586243
33,102,3.468179225921631,1622.4346463489107,4229.684410081204,0.2722160518169403,-0.6323869228363037,-0.4100789129734039,-0.7744354009628296,0.466558039188385
33,102,3.468179225921631,5554.73497939493,82.07455896808193,0.2787798941135406,-0.462895780801773,-0.2359824180603027,-0.7296738028526306,0.7508928179740906
33,102,3.468179225921631,51765.20477630583,10.115717781170972,-0.01453214045614,-0.3551785945892334,-0.1849877834320068,-0.9413248896598816,0.8926281332969666
33,102,3.468179225921631,1089.3439423224083,6434.432388054132,0.3916446566581726,-0.494701474905014,-0.129322737455368,-1.0747305154800415,0.3345616459846496
33,102,3.468179225921631,199.3793611336132,5889.020062986208,-0.0968970209360122,-0.0636394321918487,-0.1416881829500198,-0.8629982471466064,0.6484577655792236
33,102,3.468179225921631,3877.608383788527,3590.3227990235164,-0.3095192611217499,-0.0030206383671611,-0.165731132030487,-0.9124453663825988,0.8253328800201416
33,102,3.468179225921631,23870.152487340023,302.33147734002546,0.3067216873168945,-0.4933233559131622,-0.1460895389318466,-0.8595373630523682,0.9122044444084167
33,102,3.468179225921631,285.7730375696424,1223.7661096260608,0.2208613455295562,-0.2231369614601135,-0.0751986131072044,-0.8427945971488953,0.6215656995773315
33,102,3.468179225921631,3038.9568410467414,5317.726993734284,-0.1588417738676071,-0.2755878865718841,-0.4000828564167022,-0.8550271987915039,0.4275657832622528
34,105,3.1718695163726807,2523.107580083898,6933.447648308034,0.5699945688247681,-0.6314559578895569,-0.6953842639923096,-0.0386445596814155,0.2789783477783203
34,105,3.1718695163726807,3835.4305377939527,7641.306860440483,0.3613429665565491,-0.6291290521621704,-0.727786660194397,-0.0729226768016815,0.4851936101913452
34,105,3.1718695163726807,5038.024211426313,7403.963232074147,-0.2225726395845413,-0.175175204873085,-1.02098286151886,0.3259382843971252,0.4766114056110382
34,105,3.1718695163726807,4043.075556872322,7574.071265994789,0.4363994002342224,-0.667881965637207,-0.7290269732475281,-0.2344640791416168,0.1431699991226196
34,105,3.1718695163726807,4485.289226136631,7307.841195246553,0.6910605430603027,-0.4403656423091888,-0.5345990061759949,0.2158043384552002,0.6253840327262878
34,105,3.1718695163726807,3821.387753084956,7537.822224654393,0.2016213238239288,-0.1609197258949279,-0.7525599598884583,0.3854787349700928,0.5166988968849182
34,105,3.1718695163726807,576.6802355755515,4824.546818871572,0.3546789288520813,-0.2166500240564346,-0.5632469654083252,0.1043371558189392,0.4434479773044586
34,105,3.1718695163726807,3082.5020123761988,7675.897277506909,0.1694899946451187,-0.3104562163352966,-0.7278232574462891,0.1696067899465561,0.6262443661689758
34,105,3.1718695163726807,1150.3538327623671,7385.847055981146,0.2148410677909851,-0.530409574508667,-0.8115168213844299,0.2085392773151397,0.8107873201370239
34,105,3.1718695163726807,5069.807426448294,7393.985940593229,0.427720159292221,-0.4948333203792572,-1.0041285753250122,0.524522602558136,0.3949038386344909
35,108,3.156285524368286,-2289.029887928501,8771.01323965346,-0.1200556084513664,0.4431275129318237,-0.0108878714963793,-0.4883659183979034,0.6556295156478882
35,108,3.156285524368286,-2539.77036712024,5771.210742637131,-0.5941701531410217,0.3321690857410431,-0.4358319044113159,-0.2565260529518127,0.9281678199768066
35,108,3.156285524368286,1374.6812690862273,8459.928318689239,-0.2706123292446136,0.4274540841579437,-0.0582062937319278,-0.625792384147644,0.5878159403800964
35,108,3.156285524368286,192.3837389479884,6613.309127545664,-0.0715289041399955,0.2870481312274933,-0.0934584587812423,-0.5495007634162903,0.4944464862346649
35,108,3.156285524368286,2022.9798806218903,7047.153886693631,-0.3052144050598144,0.4531283974647522,-0.0154671687632799,-0.7792522311210632,0.4874715209007263
35,108,3.156285524368286,-108.62753439275548,5535.345168177347,-0.2247460037469864,0.1540187150239944,-0.3252552151679992,-0.3967311978340149,0.6125405430793762
35,108,3.156285524368286,1094.7974171624055,7521.230150207034,-0.2682398855686188,0.3580026030540466,-0.2125862389802932,-0.4006637930870056,0.6073529720306396
35,108,3.156285524368286,5064.929586987174,7613.535244438359,0.0282276961952447,0.5692728757858276,0.2416318356990814,-0.8580403923988342,0.2961686253547668
35,108,3.156285524368286,1279.5165452092974,7374.632707347751,-0.2291395515203476,0.267107218503952,-0.1923487335443496,-0.5324175357818604,0.5769529342651367
35,108,3.156285524368286,-183.2661084452684,7293.500951020288,0.1186059191823005,-0.1139074936509132,-0.2035576701164245,-0.6958902478218079,0.3672721683979034
36,111,2.8284900188446045,4747.488599770953,7441.045039615728,0.0004522315575741,0.4958122074604034,0.4311850070953369,-1.097550868988037,0.769779622554779
36,111,2.8284900188446045,4261.614829854441,7574.194505155752,-0.2350274920463562,0.5786997079849243,0.3167242705821991,-1.0878870487213137,0.7139140367507935
36,111,2.8284900188446045,1355.0762436714683,5096.124513485331,-0.3584703505039215,0.4071771502494812,-0.1546306163072586,-0.5478994250297546,0.6380167007446289
36,111,2.8284900188446045,5038.794810236424,7476.813060926819,-0.1244085282087326,0.4067584276199341,0.2751981914043426,-1.313306450843811,0.3283851146697998
36,111,2.8284900188446045,-389.01228305931227,5866.32822029225,0.0799833014607429,0.2538783252239227,0.0787262320518493,-0.5985593795776367,0.7680822014808655
36,111,2.8284900188446045,4021.8692625907015,7794.204402478996,-0.2499766200780868,0.5903730988502502,0.2104985266923904,-0.9628705382347108,0.5346328020095825
36,111,2.8284900188446045,5267.843333390187,7355.233956412858,-0.2606021463871002,0.6397554278373718,0.3476702272891998,-1.0205247402191162,0.9167765378952026
36,111,2.8284900188446045,488.882695989616,6927.2966037255965,-0.3779757618904114,0.4498960077762604,-0.0051672817207872,-0.8947994709014893,0.4849107265472412
36,111,2.8284900188446045,2556.7796046428584,8247.826339307496,-0.2229819446802139,0.4216084480285644,0.1719281375408172,-1.0147790908813477,0.5946933627128601
36,111,2.8284900188446045,1013.7599205269704,6736.93535839511,-0.4081269204616546,0.3865038752555847,0.0780132338404655,-1.0535989999771118,0.7807276248931885
37,114,3.1665806770324707,3193.0802856475607,4704.637436575088,0.554950475692749,0.3378298580646515,-0.4773039817810058,0.9148238897323608,0.7472274899482727
37,114,3.1665806770324707,3209.184703664887,3762.6488967508985,0.6500867605209351,0.3543275892734527,-0.3196582794189453,0.7881958484649658,0.762226402759552
37,114,3.1665806770324707,4318.1478096781,7293.813997582834,0.8479043245315552,0.5485535860061646,-0.1870007961988449,0.858902633190155,0.6533644199371338
37,114,3.1665806770324707,3348.6775398461614,6190.62390236585,0.6296981573104858,0.5636591911315918,-0.3309230804443359,0.9548509120941162,0.7134878635406494
37,114,3.1665806770324707,6381.645010900695,6069.578856990204,0.1592441797256469,0.4308564960956573,-0.4416540563106537,0.569887101650238,0.7181541323661804
37,114,3.1665806770324707,11873.02106122303,966.3195672511335,0.4840223491191864,-0.0118125844746828,-0.5281328558921814,0.6237271428108215,0.8982807993888855
37,114,3.1665806770324707,11224.229901126317,4128.797199009479,0.3129639327526092,0.3042559623718261,-0.5141533613204956,0.740056574344635,0.7891054749488831
37,114,3.1665806770324707,-4557.771204737946,8448.913089143274,0.714286208152771,0.3580516874790191,-0.2501301169395447,0.7855499386787415,0.9381794929504396
37,114,3.1665806770324707,5534.9980252798805,6444.962798900273,0.587841272354126,0.4312236309051513,-0.1366608142852783,0.4729712307453155,0.7265552878379822
37,114,3.1665806770324707,6616.417969560209,6003.3800716335645,0.7845064997673035,0.3164434432983398,-0.0164104457944631,0.3548214733600616,0.7845360636711121
38,117,2.7968430519104004,5507.2949437402,5970.881573474555,0.8874775767326355,-0.4566129148006439,-0.3864502012729645,0.1200490817427635,0.634507417678833
38,117,2.7968430519104004,758.2643841011313,3523.811600730967,0.7540446519851685,-0.015709102153778,-0.3737053275108337,0.5114419460296631,0.7123191356658936
38,117,2.7968430519104004,3951.17146094824,7159.453591358133,1.0758988857269287,-0.8081099987030029,-0.443334013223648,-0.0042112050577998,0.7200772166252136
38,117,2.7968430519104004,3238.325235224688,7607.334363103295,0.9911104440689088,-0.2309692949056625,-0.2784515917301178,0.1659509688615799,0.3323476612567901
38,117,2.7968430519104004,500.9729169891909,8275.258234706638,1.077525615692139,-0.6317766904830933,-0.304823637008667,0.1187243908643722,1.0435982942581177
38,117,2.7968430519104004,-7476.797400853471,11863.63662878882,1.1352185010910034,-0.5749382376670837,-0.366349309682846,0.3001609742641449,0.9040515422821044
38,117,2.7968430519104004,3462.0430399027928,4149.301848177921,0.9595537185668944,-0.3091586232185364,-0.3105012774467468,0.2613755464553833,0.697588324546814
38,117,2.7968430519104004,3165.0249896186624,6655.05585365408,1.2045512199401855,-0.5306329727172852,-0.236641526222229,0.1158783659338951,0.7840520739555359
38,117,2.7968430519104004,3086.98697786853,6088.980129665377,1.0667047500610352,-0.4846819639205932,-0.3564133644104004,0.2574012577533722,0.6884568333625793
38,117,2.7968430519104004,-3775.1056707650014,8482.91993250009,0.9473307132720948,-0.4083606600761413,-0.4580313265323639,0.4795055091381073,0.8534139394760132
39,120,2.5362696647644043,1134.2440384227225,2852.238852069694,0.5117013454437256,0.4142698049545288,0.1745316833257675,-0.1664964258670807,0.6783866882324219
39,120,2.5362696647644043,-222.15323025230623,4163.934187815707,0.1266673654317855,0.197998508810997,-0.4335485994815826,0.0666352063417434,0.3075907826423645
39,120,2.5362696647644043,5850.986808734113,4609.544295344505,0.3608660399913788,0.3305376172065735,-0.0472839549183845,-0.0016769479261711,0.7486840486526489
39,120,2.5362696647644043,4276.515166899503,4092.266087110004,0.40409716963768,0.2908397316932678,0.0364474616944789,-0.1415667980909347,0.7150477170944214
39,120,2.5362696647644043,423.7044715098264,5622.449334476209,0.1056137084960937,0.1979812681674957,-0.2554650008678436,-0.039493553340435,0.7513231635093689
39,120,2.5362696647644043,9421.613934021678,3123.162753710963,0.0968715548515319,0.2465802580118179,-0.298452615737915,0.1049283668398857,0.7609044313430786
39,120,2.5362696647644043,73.25954873695923,6619.622060462649,0.2812723815441131,0.2662047147750854,-0.1917012184858322,0.0193412881344556,0.5263042449951172
39,120,2.5362696647644043,-4227.728241682134,9085.629940030694,0.0406313948333263,0.3318782448768616,-0.2522739768028259,0.0342873334884643,0.7032780647277832
39,120,2.5362696647644043,2210.3235209027266,5114.021180386359,0.2135174870491027,0.3408820033073425,-0.0545845218002796,-0.1321209669113159,0.7072370648384094
39,120,2.5362696647644043,1105.9034853305825,5909.226676775758,0.19444040954113,0.3352731168270111,-0.1353017091751098,-0.0676463097333908,0.6068482995033264
40,123,2.9687299728393555,2484.982936382697,7176.983822318731,0.5453845858573914,0.6312703490257263,0.0775748789310455,0.3849567174911499,0.9491966366767884
40,123,2.9687299728393555,32188.40646771822,78.61234407644224,0.4042256772518158,0.0750723257660865,-0.2900691330432892,0.2544769942760467,0.8778831362724304
40,123,2.9687299728393555,3885.316868312475,7475.411815872288,0.5862175226211548,0.750980019569397,-0.0088129295036196,0.4531199038028717,0.4225892126560211
40,123,2.9687299728393555,2978.147934506532,6215.391515699242,0.4627269804477691,0.6459057927131653,-0.0426048673689365,0.5052154660224915,0.8993345499038696
40,123,2.9687299728393555,3741.5574708216295,5952.480342405041,0.3234380483627319,0.6469239592552185,-0.0166255440562963,0.1966195553541183,0.5893793106079102
40,123,2.9687299728393555,4503.755422386341,7331.515068749506,-0.1103842929005622,0.2998856604099273,-0.578835666179657,0.6241269111633301,1.2299816608428955
40,123,2.9687299728393555,809.7656092239433,6335.629075329395,0.3222957849502563,0.4077388346195221,-0.1073841601610183,0.2025252729654312,0.8572826385498047
40,123,2.9687299728393555,2874.4851468044694,6886.823677574481,0.501539945602417,0.5675585865974426,0.1983558386564254,0.0728138834238052,0.970124363899231
40,123,2.9687299728393555,5842.642406169118,5276.372096721761,0.6102525591850281,0.7123100757598877,-0.0776243954896926,0.6796987056732178,0.7459620237350464
40,123,2.9687299728393555,2027.089266478464,7314.912075865093,0.6860693097114563,0.3872755467891693,-0.1257454305887222,0.3477736115455627,0.3819528222084045
41,126,2.515613317489624,35.82319880634441,4318.138866286096,0.6940680742263794,-0.2184982001781463,0.1819875985383987,-0.627068281173706,0.9970102906227112
41,126,2.515613317489624,1800.1388724209392,4824.912165109303,0.5545799732208252,0.1724773645401001,0.2789522111415863,-0.5929080247879028,0.7280979156494141
41,126,2.515613317489624,795.1942811951797,2811.1000654026,0.4038629829883575,-0.0190891623497009,-0.0702058225870132,-0.2805486619472503,0.8477109670639038
41,126,2.515613317489624,2990.2225476845706,4862.431160369327,0.6600008010864258,-0.1021828353404998,0.1406900882720947,-0.5970203876495361,0.6657704710960388
41,126,2.515613317489624,4013.710950483292,6812.017927853864,0.3796560168266296,0.3241237103939056,0.3902569413185119,-0.7883660197257996,0.8025764226913452
41,126,2.515613317489624,4387.53328348707,7262.452262471392,0.8484793901443481,0.069504514336586,0.3739786744117737,-0.7170513868331909,0.5041519999504089
41,126,2.515613317489624,1398.6328337192583,3298.78607631248,0.609173059463501,-0.1492049992084503,-0.1741156429052353,-0.2397636771202087,0.4109664559364319
41,126,2.515613317489624,4603.804254284102,7206.66242308131,0.6165943145751953,0.1536261141300201,0.3628023862838745,-0.876621425151825,0.4404504597187042
41,126,2.515613317489624,2608.39617378194,5319.027928212262,0.7068814039230347,0.0381777212023735,0.1908417344093322,-0.4687485694885254,0.64523845911026
41,126,2.515613317489624,-2314.6531503256265,7612.492841092854,0.5154637694358826,-0.0025639347732067,0.2273886203765869,-0.6945464611053467,0.8652734160423279
42,129,3.062443494796753,2040.7856503120624,6920.261632787789,0.7262642979621887,0.1278662085533142,-0.2206614166498184,0.3561505377292633,0.578098475933075
42,129,3.062443494796753,4281.111188380803,7098.034259788037,1.216943383216858,-0.0852377414703369,-0.5971989631652832,1.109918475151062,0.6161207556724548
42,129,3.062443494796753,1212.354162247777,3128.529959728109,0.9325763583183287,-0.0132405962795019,-0.2029029428958892,0.5229015350341797,0.92441987991333
42,129,3.062443494796753,320.33417840367133,1390.4461851755425,0.8884668946266174,-0.0933677926659584,-0.3571532070636749,0.5797989368438721,0.7746346592903137
42,129,3.062443494796753,4690.012176014096,6958.149997590117,0.7168995141983032,-0.1236947327852249,-0.5136995911598206,0.8584337830543518,1.3470158576965332
42,129,3.062443494796753,4067.729333361873,6674.010609356556,0.9678441286087036,-0.5454891920089722,-0.3473825752735138,-0.0569021180272102,0.4869822561740875
42,129,3.062443494796753,2376.233120568714,7126.178883404428,0.9225070476531982,-0.0856841951608657,-0.2230654507875442,0.1763939261436462,0.3299145698547363
42,129,3.062443494796753,3444.9985766564214,5878.881361811978,0.8153300285339355,-0.0933397188782692,-0.3082099556922912,0.3691781759262085,0.63428795337677
42,129,3.062443494796753,3828.27828420884,4831.208565584585,0.7116009593009949,-0.204586923122406,-0.3238227665424347,0.1668127477169037,0.658695638179779
42,129,3.062443494796753,-8492.35962233055,8987.980492041317,0.9101783633232116,-0.2951813340187073,-0.2984515428543091,0.2989900112152099,0.9043353796005248
43,132,2.7876429557800293,-139.9264459215958,5069.581499603145,0.1772309690713882,-0.063797615468502,-0.4426530301570892,-0.1139501705765724,0.3723551630973816
43,132,2.7876429557800293,1238.1322204998232,3738.93929224512,0.2914107143878937,0.1705316007137298,-0.3478262722492218,0.1696835309267044,0.5089274644851685
43,132,2.7876429557800293,-493.1200857794916,4832.75248942668,0.1576384007930755,0.1728556305170059,-0.2755666375160217,-0.1447626054286956,0.4124811589717865
43,132,2.7876429557800293,-357.0937004134408,917.0887880284156,0.2351358979940414,-0.1499009579420089,-0.3203835487365722,-0.2819868922233581,0.5775583386421204
43,132,2.7876429557800293,-31.18526991919748,2552.2811783147586,0.3528272807598114,0.0436987951397895,-0.2006134092807769,-0.300919622182846,0.2340670078992843
43,132,2.7876429557800293,99442.89938019372,3.610162011580568e-05,0.0260949376970529,0.0001306206249864,-0.3930060863494873,-0.0217940807342529,0.894565224647522
43,132,2.7876429557800293,588.2383203822415,3533.8177880451985,0.3504377007484436,0.2762790620326996,-0.1337727159261703,0.0083603067323565,0.5975657105445862
43,132,2.7876429557800293,583.5908063091686,6771.371340706832,0.4449224770069122,-0.2755142450332641,-0.3802150785923004,-0.2882715463638305,0.2471222430467605
43,132,2.7876429557800293,2198.1654088477826,1583.7901823870234,0.3375402092933655,-0.218085691332817,-0.3843079507350921,-0.1433038264513015,0.5653076171875
43,132,2.7876429557800293,5955.899067336853,4857.579933779842,0.0280490592122077,0.0536086298525333,-0.2891018688678741,-0.0776087567210197,1.0739001035690308
44,135,3.234545946121216,447.3753360263404,7888.947402834515,0.7341404557228088,-0.0876832082867622,-0.2016863673925399,-0.083385095000267,0.2548089325428009
44,135,3.234545946121216,1496.679367522763,7057.0071425739125,0.7717815637588501,-0.1886074542999267,-0.2752541899681091,-0.007130182813853,0.3429316878318786
44,135,3.234545946121216,-1458.9340221683187,6313.350723566268,0.5890010595321655,-0.1576333045959472,-0.1902762800455093,-0.327480137348175,0.3019396364688873
44,135,3.234545946121216,-276.56475760518947,6047.622648821804,0.6167798042297363,-0.0762738361954689,-0.1979175209999084,-0.2469611167907714,0.1657697707414627
44,135,3.234545946121216,2444.826575130436,7050.805682089267,0.8975111842155457,-0.2545587122440338,-0.2812075912952423,-0.0945853814482688,0.0907420963048935
44,135,3.234545946121216,1342.6781043682852,4721.161243777929,0.884798526763916,-0.0823841467499733,-0.1246206909418106,-0.1851439327001571,0.0743316411972045
44,135,3.234545946121216,3709.4405314842006,5894.8733259650535,0.6864641308784485,-0.1021665334701538,-0.2992638051509857,0.1757477819919586,0.5525572299957275
44,135,3.234545946121216,145.17960420342683,5475.598774098243,0.4532499015331268,0.1063917428255081,-0.1638201177120208,-0.2896865904331207,0.1092737466096878
44,135,3.234545946121216,2341.492045535531,7284.388041423135,0.8486341238021851,-0.2366506904363632,-0.2770485877990722,0.0027408422902226,0.3429683148860931
44,135,3.234545946121216,2346.4680209817893,6779.140527504155,0.8207443356513977,-0.1298590749502182,-0.2345644831657409,0.0700491368770599,0.3764219284057617
45,138,3.1879265308380127,-4382.961302853285,8362.028166238028,1.312074065208435,-0.2232255637645721,-0.2603574693202972,0.6116513609886169,0.764908492565155
45,138,3.1879265308380127,-1533.639088409909,8758.251175303116,1.4771249294281006,-0.4186107516288757,-0.1365658342838287,0.3443410694599151,0.8326851725578308
45,138,3.1879265308380127,3680.2024551736167,6542.177498042674,1.099632740020752,-0.2654952704906463,-0.3811668157577514,0.3953862488269806,0.3732593953609466
45,138,3.1879265308380127,1681.188518561445,7687.681598617646,1.435463547706604,-0.3991086184978485,-0.142348513007164,0.2677050232887268,0.6787739396095276
45,138,3.1879265308380127,196.26836067456657,5608.281794545066,1.1716561317443848,-0.3258326053619385,-0.2518386840820312,0.4703494012355804,1.002407193183899
45,138,3.1879265308380127,4178.911860144146,6850.853499532828,1.5173239707946775,-0.2221166640520095,0.1066121011972427,0.1779750734567642,0.8365561962127686
45,138,3.1879265308380127,-1271.97526762038,7316.862147592597,1.2998384237289429,-0.3192879557609558,-0.2940354347229004,0.480803519487381,0.6896349191665649
45,138,3.1879265308380127,2126.6836023894075,7348.372594440035,1.1834356784820557,-0.3155060708522796,-0.1871267557144165,0.1624278277158737,0.5360700488090515
45,138,3.1879265308380127,3831.3030329904,7003.441312134805,1.5446361303329468,-0.1795984506607055,0.0335850305855274,0.370335966348648,0.8091818690299988
45,138,3.1879265308380127,4339.665450476409,6792.303525675734,1.3352930545806885,-0.5593909025192261,-0.2894313335418701,0.4657353460788727,1.2055833339691162
46,141,2.702638626098633,2907.715776116996,7246.315677730033,0.4790179431438446,-0.1617501378059387,-0.4947696924209595,0.5124689340591431,1.1820132732391355
46,141,2.702638626098633,3309.95935687951,6262.6264414588295,0.3564216792583465,-0.0937652662396431,-0.2719187140464782,0.0746833607554435,1.1425617933273315
46,141,2.702638626098633,-2693.534768789918,7390.45374679469,0.5632081031799316,-0.2657000720500946,-0.2146911472082138,-0.0899283364415168,1.0146268606185913
46,141,2.702638626098633,5671.994714655813,3302.810314952355,0.8112697601318359,-0.4407371282577514,-0.1276755481958389,-0.3163230717182159,0.7653726935386658
46,141,2.702638626098633,3918.668037880919,6967.208171932824,0.7956209182739258,-0.0265702977776527,-0.0846861526370048,0.2519482374191284,1.1824164390563965
46,141,2.702638626098633,11360.36416270464,1263.5301701464973,0.4909432530403137,-0.3161636590957641,-0.4841610193252563,0.2378017008304596,0.9629559516906738
46,141,2.702638626098633,2534.6600734584854,2353.63580700174,0.6345131993293762,-0.3115028738975525,-0.4747621417045593,0.3538520634174347,0.9248800873756408
46,141,2.702638626098633,-5694.970645435642,7900.568533779306,0.8061355948448181,-0.2933602929115295,-0.2390052527189254,0.1411432176828384,0.99233877658844
46,141,2.702638626098633,2807.2344883372807,3687.194720355035,0.6425434350967407,-0.3120493292808532,-0.3606098592281341,0.0558760873973369,0.6967395544052124
46,141,2.702638626098633,15103.222520398524,1331.721014231597,0.685126543045044,-0.3995121419429779,-0.5020831823348999,0.2759437263011932,0.8454747796058655
47,144,2.6360630989074707,120.39393207437227,6215.843890257517,0.9358662366867064,-0.3335112333297729,-0.0774048417806625,-0.2078671306371688,0.6355684995651245
47,144,2.6360630989074707,3689.829851089878,6816.9065110075535,1.0549771785736084,-0.3272015154361725,-0.3059685826301574,0.2210330963134765,0.4686388671398163
47,144,2.6360630989074707,1484.613061866337,5659.743090366712,1.0735570192337036,0.0754398107528686,-0.0722685307264328,0.1281899064779281,0.1212209910154342
47,144,2.6360630989074707,3376.2834469178497,7138.674051609554,1.141848921775818,-0.4058237373828888,-0.1504187881946563,-0.1005094274878501,0.4399089217185974
47,144,2.6360630989074707,4130.522422609756,6955.382026468851,1.1645654439926147,-0.0306731723248958,-0.0196353569626808,0.1191110834479332,0.3650470674037933
47,144,2.6360630989074707,-463.14120405506446,7951.661219033065,1.1352437734603882,-0.4935409128665924,-0.152170717716217,-0.1288825720548629,0.5851738452911377
47,144,2.6360630989074707,4011.816443281412,6188.563071575195,1.0114068984985352,-0.447304368019104,-0.3598892390727997,0.0923968181014061,0.3927606046199798
47,144,2.6360630989074707,2791.2943104634605,6339.1108767087335,0.7391712665557861,-0.505277156829834,-0.6081194877624512,0.0395568870007991,0.1203407570719719
47,144,2.6360630989074707,2847.8861813433195,6429.648513495197,1.1998614072799685,-0.0543822348117828,0.1213990226387977,0.158150628209114,0.9490514993667604
47,144,2.6360630989074707,3682.707742521925,6570.747511074072,1.0892869234085083,-0.4173230826854706,-0.2406633645296096,-0.0476735234260559,0.3799198269844055
48,147,2.1093945503234863,2853.334724070017,6702.554626601219,0.1074182391166687,0.9903485178947448,0.0205139685422182,0.2078124731779098,0.5125471949577332
48,147,2.1093945503234863,3044.072134751212,6796.00978023852,0.1389798820018768,0.8995806574821472,0.0241260975599288,0.045923825353384,0.3112391233444214
48,147,2.1093945503234863,3124.004750590881,6594.991694175263,-0.1695688664913177,0.8967245817184448,-0.1762502491474151,0.0341514572501182,0.2439250200986862
48,147,2.1093945503234863,-1962.6665747749469,6110.814269356521,-0.0882553830742836,0.8171404004096985,-0.1918845772743225,0.2821626663208008,0.6439236402511597
48,147,2.1093945503234863,3470.6332523257192,6950.375608929635,-0.0577340759336948,1.0694209337234497,0.0782372131943702,-0.0712536051869392,0.3213136792182922
48,147,2.1093945503234863,-1475.2049110838782,5912.154246985265,-0.1330216079950332,0.7952442765235901,-0.2188467234373092,0.2240974456071853,0.6039157509803772
48,147,2.1093945503234863,404.1631643736339,7263.666170976998,-0.1894533634185791,0.886655867099762,-0.1562602370977401,0.2868541181087494,0.8597307205200195
48,147,2.1093945503234863,3152.3117377873737,6627.43465925815,-0.1588626652956009,0.9261206388473512,0.0135531341657042,0.1375569105148315,1.073026418685913
48,147,2.1093945503234863,-1915.9417566561312,6188.333675877346,0.0714140310883522,0.7072342038154602,-0.1076242178678512,0.1812267452478408,0.6743162870407104
48,147,2.1093945503234863,363.8262557844903,4972.215920458905,0.1782886534929275,0.8179634809494019,-0.1195455193519592,0.4053763747215271,0.628589928150177
49,150,2.093351364135742,1806.9775868583663,5697.889545285419,0.0221181567758321,0.2900989651679992,-0.6902518272399902,0.4664261937141418,0.2870236039161682
49,150,2.093351364135742,1081.7638615387432,6231.201706042487,-0.0543004944920539,0.4441210627555847,-0.5426085591316223,0.2910236418247223,0.2410567700862884
49,150,2.093351364135742,2507.647647071135,6676.001292957728,0.1879279911518097,0.4109800159931183,-0.564208984375,0.4361929893493652,0.0308120176196098
49,150,2.093351364135742,3150.6445644403293,6780.838929032617,0.1190383955836296,0.283929705619812,-0.6386756896972656,0.327383428812027,-0.0269163083285093
49,150,2.093351364135742,313.30585110738184,4951.76662419165,0.0984072536230087,0.3486289978027344,-0.5084258913993835,0.3567020297050476,0.3503946363925934
49,150,2.093351364135742,4432.117783841874,6461.34840831444,0.3163608014583587,0.7723633050918579,-0.6728721261024475,0.7212554216384888,-0.6105945110321045
49,150,2.093351364135742,3630.665006136524,6701.170689138946,0.1263955533504486,0.2590536773204803,-0.6824902296066284,0.3495960235595703,-0.0498602986335754
49,150,2.093351364135742,3161.091370783904,6756.519703921982,0.2740644216537475,0.1256198137998581,-0.6242581605911255,0.2228198498487472,-0.1213749274611473
49,150,2.093351364135742,1537.8896355195504,6628.689124640922,0.2997515797615051,0.1850988119840622,-0.5097358226776123,0.1961813122034073,0.0207736287266016
49,150,2.093351364135742,2723.432537646,6772.635957719564,0.2432370483875274,0.3269238770008087,-0.6004031300544739,0.3822630941867828,-0.1076207160949707
50,153,2.1254148483276367,2756.9474717499543,3923.983179435723,0.3564204275608063,0.0805520713329315,-0.5600535273551941,0.5181620121002197,0.6023333668708801
50,153,2.1254148483276367,3189.710935681719,6677.488702497613,1.0274206399917605,0.6764768958091736,-0.022411473095417,0.7893132567405701,0.3661134839057922
50,153,2.1254148483276367,2483.8129430663803,5173.487018903799,0.8864087462425232,0.3552283644676208,-0.3460389375686645,0.9594197273254396,0.6639880537986755
50,153,2.1254148483276367,3779.848988801278,6614.062677537151,0.2264969199895858,0.1533823907375335,-0.6641466021537781,0.9304001331329346,1.2504827976226809
50,153,2.1254148483276367,6646.22579622495,2408.100468976192,0.8821063041687012,0.2845251560211181,-0.1901051253080368,0.7235969305038452,0.8773677349090576
50,153,2.1254148483276367,3234.74630725129,6258.198914305816,0.9013885855674744,-0.0664887577295303,-0.5287465453147888,1.0307443141937256,1.12686026096344
50,153,2.1254148483276367,9650.476149673512,1022.5308063140374,0.4919805526733398,-0.13739974796772,-0.5517069697380066,0.5288516879081726,0.9289931058883668
50,153,2.1254148483276367,6546.1202610604105,3307.747035090508,0.6761761903762817,-0.1896278262138366,-0.5186771154403687,0.5400958061218262,0.8163310289382935
50,153,2.1254148483276367,-37.43706021712933,1618.8338815085954,0.7878320813179016,0.2687248289585113,-0.3105762004852295,0.8674296736717224,0.9180169105529784
50,153,2.1254148483276367,2697.5691969818736,5585.321081187685,0.7450409531593323,0.0123897567391395,-0.3149574100971222,0.367262452840805,0.5202339291572571
51,156,2.1560287475585938,2183.60317305538,6170.560070862295,1.0560567378997805,0.3096790909767151,-0.0333459749817848,0.5874108076095581,0.6353227496147156
51,156,2.1560287475585938,-327.63394499286824,5255.596096453882,0.8621913194656372,0.0480837747454643,-0.1956841200590133,0.5974924564361572,1.1295382976531982
51,156,2.1560287475585938,1756.2158939275027,6205.047837562548,0.9579384922981262,0.2608219087123871,-0.0362901836633682,0.5394985675811768,0.9372034668922424
51,156,2.1560287475585938,2427.5555004187127,6910.87083293682,1.0263360738754272,0.2927042543888092,-0.0786869898438453,0.8146597146987915,1.1473382711410522
51,156,2.1560287475585938,4643.832786360686,3256.636627863696,0.8488292098045349,0.089509978890419,-0.1166276484727859,0.368403822183609,0.8881603479385376
51,156,2.1560287475585938,2477.581824131866,6535.733436239689,1.1701209545135498,0.1598779261112213,0.0379625968635082,0.5109968185424805,0.9554843306541444
51,156,2.1560287475585938,740.2510053809325,3845.9024407607976,0.717124342918396,0.0075997612439095,-0.4307920336723327,0.8279740810394287,1.2084193229675293
51,156,2.1560287475585938,1634.398946504543,7392.009682885723,1.0597821474075315,0.2378529161214828,-0.0245018694549798,0.629993200302124,1.069672703742981
51,156,2.1560287475585938,4119.514871155915,6484.000340618452,1.1697211265563965,0.7279740571975708,0.0554620325565338,0.985171914100647,0.7624368667602539
51,156,2.1560287475585938,3615.4410823385215,6102.323717078731,1.1675256490707395,0.3548538982868194,-0.0621874928474426,0.7845925092697144,0.7216011881828308
52,159,2.176445484161377,3563.4297867651526,6545.51483485815,0.901905357837677,0.5098513960838318,0.1238060966134071,0.1462304890155792,0.2022123038768768
52,159,2.176445484161377,216.3058787301001,6216.999522156379,0.6381703615188599,0.2567510306835174,-0.0818831473588943,0.021461971104145,0.2709418535232544
52,159,2.176445484161377,-1236.0494855709253,5653.28845427756,0.5469076037406921,0.2449369728565216,-0.2147875130176544,0.1854864507913589,0.3243365585803985
52,159,2.176445484161377,3859.8416526239503,6490.997951186358,0.9834798574447632,0.6582069993019104,0.1261991560459137,0.4049895703792572,0.2404690235853195
52,159,2.176445484161377,4075.317108183435,6419.05251081063,0.9586100578308104,0.1014045476913452,0.2719400525093078,-0.5122644901275635,0.2537696063518524
52,159,2.176445484161377,3765.977427100639,6526.964520319813,1.004172921180725,0.6707459688186646,0.0728308409452438,0.5676228404045105,0.3068389296531677
52,159,2.176445484161377,3272.130033701916,4201.3146009640495,0.5716460347175598,0.1241599023342132,-0.1786875277757644,0.158919557929039,0.626499593257904
52,159,2.176445484161377,2468.9225359179254,6517.231864073255,0.4907346069812774,0.4627853035926819,0.042089756578207,-0.0839833915233612,0.3286983072757721
52,159,2.176445484161377,3680.046165660183,6536.576726933181,0.867347776889801,0.3774507641792297,0.1479733139276504,-0.0609577186405658,0.2414922714233398
52,159,2.176445484161377,2214.0472121054754,6884.373973261535,0.7519794702529907,0.3265465199947357,0.0096485177055001,0.0594031363725662,0.3158912062644958
53,162,2.1717529296875,514.6502960631097,5436.742614745774,0.595517635345459,0.7598206400871277,-0.264418363571167,1.1841801404953003,1.1274876594543457
53,162,2.1717529296875,5914.402859146933,3558.996578850544,0.7242806553840637,0.5442049503326416,-0.1926116794347763,0.8341284990310669,0.7866532802581787
53,162,2.1717529296875,3720.077654962698,6317.012549168083,0.1588105261325836,0.5970000624656677,-0.6855611205101013,1.0841152667999268,0.6941863894462585
53,162,2.1717529296875,5086.861633014975,5399.025456643647,0.3181095421314239,0.2821706533432007,-0.5832759737968445,0.7893502116203308,0.7057750225067139
53,162,2.1717529296875,-474.7916639649172,5575.826302935232,0.5355399250984192,0.5768899321556091,-0.4956190884113312,1.2026747465133667,0.8663641214370728
53,162,2.1717529296875,2450.7352882227506,6497.528516682689,0.5742623209953308,0.2887391149997711,-0.695289671421051,1.3836381435394287,1.16321063041687
53,162,2.1717529296875,953.1370991007112,6645.227310443614,0.3898646235466003,0.5735641717910767,-0.6706706285476685,1.4007995128631592,1.026544451713562
53,162,2.1717529296875,-82.52790962338668,5127.398746240968,0.4161892235279083,0.3427127003669739,-0.5384828448295593,1.002633810043335,1.0822960138320925
53,162,2.1717529296875,2761.7053774560027,6572.234532120471,0.6287198662757874,0.1670276671648025,-0.8074974417686462,1.4041262865066528,0.9523062109947203
53,162,2.1717529296875,3629.866988882181,6069.4060178773525,0.2881757318973541,0.5168493986129761,-0.6302830576896667,1.1258963346481323,0.8405608534812927
54,165,2.078309774398804,3816.182927938631,6338.018619026731,1.1195247173309326,-0.3384856283664703,0.0802990272641182,-0.0302262194454669,1.2979588508605957
54,165,2.078309774398804,3018.4538147153858,6183.51344670756,1.387515425682068,-0.2176832556724548,-0.0415076948702335,0.3151737749576568,0.7810600996017456
54,165,2.078309774398804,1269.9771853226853,4761.685280779831,0.9283857941627502,-0.4711506068706512,-0.3369252979755401,0.2397351413965225,1.0677103996276855
54,165,2.078309774398804,1594.1278395278478,5953.3307411233145,1.0387264490127563,-0.1533170342445373,-0.1584315150976181,0.0307578518986701,0.2597613036632538
54,165,2.078309774398804,150.88297128003092,6434.04857285638,1.0661635398864746,-0.1096310839056968,-0.1408616602420807,0.4719457626342773,1.1011583805084229
54,165,2.078309774398804,-292.2712659379731,6195.667226932182,1.1644504070281982,-0.2457441836595535,-0.1772712618112564,0.4351029098033905,1.0099824666976929
54,165,2.078309774398804,1377.4749481978856,6013.241877744852,0.7768741250038147,-0.4031404554843902,-0.3042741417884826,0.203562930226326,1.2365063428878784
54,165,2.078309774398804,3661.424616178888,6388.382960907629,1.1908224821090698,-0.2894586622714996,-0.1572541892528534,0.4785081148147583,1.2949539422988892
54,165,2.078309774398804,2493.8692209710225,5881.546951026079,1.3306750059127808,-0.5432257652282715,0.0279427878558635,-0.3049871027469635,0.6552758812904358
54,165,2.078309774398804,1719.035819794993,5716.310422969404,1.3027145862579346,-0.1928580850362777,-0.1070564910769462,0.3585511445999145,0.7448153495788574
55,168,2.136744499206543,845.9208962918169,3569.085333162368,-0.1763088405132293,-0.2246034145355224,-0.7254542112350464,-0.2752302587032318,0.2858822643756866
55,168,2.136744499206543,2505.2304499323127,5980.282447700831,-0.2248503863811493,-0.3664070963859558,-0.7916444540023804,-0.2178909927606582,0.5954483151435852
55,168,2.136744499206543,1709.1367070735428,5997.360055312511,-0.3058763146400451,-0.2066168785095214,-0.7149997353553772,-0.1293530464172363,0.8507310152053833
55,168,2.136744499206543,25455.23400339237,667.0918621661112,0.021876074373722,-0.2099381387233734,-0.5953239798545837,0.0132531709969043,0.7993158102035522
55,168,2.136744499206543,3572.776940989701,5575.720857190698,-0.3961705565452575,-0.2134367674589157,-0.7889350652694702,-0.1316128671169281,0.8108612298965454
55,168,2.136744499206543,2451.543609609267,5912.260671849438,-0.1909429132938385,-0.4336486756801605,-0.8131377100944519,-0.1806974858045578,0.7026017904281616
55,168,2.136744499206543,1815.813990886888,5320.864541978227,-0.2756956815719604,-0.3935052752494812,-0.7265539765357971,-0.449897289276123,0.5763910412788391
55,168,2.136744499206543,3133.5921755984145,5788.7851754198655,-0.3255501091480255,-0.1015870496630668,-0.7139673829078674,-0.0414190404117107,0.7838465571403503
55,168,2.136744499206543,2898.272249697852,5935.530422465274,-0.3815426528453827,-0.0687871277332305,-0.7358765602111816,-0.1024593338370323,0.644414484500885
55,168,2.136744499206543,-1869.446550144809,4950.682136899422,-0.1413190364837646,-0.2522217631340027,-0.5234842300415039,-0.4516271650791168,0.600072979927063
56,171,2.109381437301636,2102.6720631577373,6141.0468130732825,-0.240713745355606,0.0871920883655548,-0.8766146898269653,0.5783569812774658,0.8844059109687805
56,171,2.109381437301636,-583.40673026795,6666.245326059058,-0.1078692749142646,-0.0261298883706331,-0.794950008392334,0.4701347947120666,0.914171576499939
56,171,2.109381437301636,-135.4736969348312,5599.79839337848,0.1028588861227035,-0.041069958359003,-0.7035059928894043,0.5513002872467041,0.9882922172546388
56,171,2.109381437301636,11166.097347015597,2828.374488849284,0.2861843705177307,0.3836768269538879,-0.5024386644363403,0.752212405204773,0.7357228398323059
56,171,2.109381437301636,2724.563084664973,5195.134079924977,0.0511766970157623,-0.0760024338960647,-0.6961011290550232,0.3755477368831634,0.8811078667640686
56,171,2.109381437301636,2724.703458565604,6286.987384960482,-0.1162276417016983,0.1746792048215866,-0.7730344533920288,0.5282053351402283,0.6507192254066467
56,171,2.109381437301636,2489.076701705822,6181.70437384947,0.0412317663431167,0.2161261588335037,-0.8039016127586365,0.7432140707969666,0.6174870133399963
56,171,2.109381437301636,1655.1995258424542,6680.758489107115,-0.0377451702952384,0.1060105562210083,-0.7332396507263184,0.5264683365821838,0.8199887275695801
56,171,2.109381437301636,3337.6597883563936,5502.880802127649,0.0908918157219886,0.1573377549648285,-0.6853182911872864,0.6586536169052124,0.8600553870201111
56,171,2.109381437301636,-2341.3746355043268,6906.400189232021,-0.0710358917713165,-0.2619411051273346,-0.7903591990470886,0.2335893511772155,0.9113056659698486
57,174,2.172311544418335,2694.687846341947,5987.344829956073,-0.1119562089443206,0.6250382661819458,-0.2892591953277588,-0.0510403774678707,0.1107669919729232
57,174,2.172311544418335,843.7004522003476,5720.658285188206,0.065231055021286,0.5693655014038086,-0.3808811604976654,0.1086097732186317,-0.0700084418058395
57,174,2.172311544418335,1154.8442321297828,4821.418672610368,-0.382544457912445,0.8513103723526001,-0.4575825035572052,0.0334829464554786,-0.1283741742372512
57,174,2.172311544418335,961.9495401312532,5692.360074014359,-0.2161259800195694,0.5741526484489441,-0.5318705439567566,0.1474790871143341,0.0175633206963539
57,174,2.172311544418335,3184.174038536163,6009.766447775037,-0.1108025461435318,0.8038665056228638,-0.4014761447906494,0.0841814130544662,-0.3170478940010071
57,174,2.172311544418335,523.1387462030702,2779.730522058894,0.2449917793273925,0.1087035089731216,-0.5465214252471924,0.0684227049350738,-0.0891731157898902
57,174,2.172311544418335,377.0266773869545,4762.890245477996,-0.1855818629264831,0.6731904149055481,-0.4089075326919555,0.2108230292797088,0.2998579442501068
57,174,2.172311544418335,1014.912617129592,5772.826242512386,-0.213059052824974,0.5620983839035034,-0.4912117421627044,0.1809810101985931,0.2587862312793731
57,174,2.172311544418335,720.9935078338083,3345.400518264561,-0.2043259292840957,0.7032812237739563,-0.4997962415218353,0.0967928543686866,-0.2070934027433395
57,174,2.172311544418335,1443.665126413793,6118.561680544053,-0.3392827808856964,0.5692005753517151,-0.5406827926635742,-0.0377069041132926,-0.0543230697512626
58,177,2.102214813232422,1612.895475073573,5327.075283295702,0.3895227313041687,0.2305251955986023,-0.3273889720439911,-0.0096955569460988,-0.0779571905732154
58,177,2.102214813232422,1948.2629479503769,6119.590447797154,0.5331514477729797,0.1508421152830124,-0.5235018730163574,0.4076029360294342,0.0249936841428279
58,177,2.102214813232422,843.4705904420807,5832.916299542374,0.3616704940795898,0.4654243290424347,-0.0005737175233662,-0.1321813613176345,0.3685149252414703
58,177,2.102214813232422,1949.348502237072,5851.769754672341,0.6104910969734192,0.3125231862068176,-0.1983534395694732,0.1107138395309448,0.0124553870409727
58,177,2.102214813232422,2759.393137247508,6061.586019011854,0.3792437613010406,0.4374177753925323,-0.2702104449272156,0.0592020824551582,-0.151585966348648
58,177,2.102214813232422,301.55673985503824,4241.154574676705,0.7307018637657166,0.0414364412426948,-0.0585902892053127,-0.2013802677392959,0.2270049750804901
58,177,2.102214813232422,-298.53785622844,4069.282868330926,0.3567277789115906,0.2093823701143264,-0.2294029295444488,0.0094981230795383,0.3886515498161316
58,177,2.102214813232422,-1085.169135554265,5541.280666740915,-0.0906803384423255,0.350149393081665,-0.4849566519260406,-0.0917471125721931,-0.0371036008000373
58,177,2.102214813232422,371.20512989020347,4822.220253560993,0.4905411005020141,-0.1402189880609512,-0.498675525188446,0.169728010892868,0.3359560668468475
58,177,2.102214813232422,3113.172671062861,6048.226597766839,0.3957223892211914,0.2699134647846222,-0.3074199259281158,-0.0711226463317871,-0.2139518409967422
59,180,2.140122890472412,2657.759873581545,6286.828657589949,0.1313792318105697,0.3174376487731933,0.193140909075737,-0.8899548053741455,0.3964209258556366
59,180,2.140122890472412,3170.627694436252,3705.119666144158,0.1373983919620514,0.2117838412523269,0.2174431532621383,-0.814837634563446,0.8735050559043884
59,180,2.140122890472412,4094.936291291422,5732.868357240321,0.0232488196343183,0.5781448483467102,0.3445974290370941,-0.7870269417762756,0.8294709920883179
59,180,2.140122890472412,-340.2149693612255,5977.521326859398,0.1354805082082748,0.447286456823349,0.2142412811517715,-0.6336785554885864,0.6374850869178772
59,180,2.140122890472412,2520.508236445954,6263.764023706813,0.2582632601261139,0.4704639911651611,0.3950558602809906,-0.8979886174201965,0.5251646041870117
59,180,2.140122890472412,3431.8265690605613,6181.308903994413,0.1003212034702301,0.4071442484855652,0.199970856308937,-0.9514861702919006,0.217473953962326
59,180,2.140122890472412,338.91070186665195,5542.526816142061,0.0665094405412674,0.4162232577800751,0.2491876482963562,-0.8116419911384583,0.6661391854286194
59,180,2.140122890472412,2229.559362340789,6046.28219525655,0.1180856823921203,0.2049252539873123,0.0754091292619705,-0.8773975968360901,0.3066797256469726
59,180,2.140122890472412,576.8772263294003,5809.390585880519,-0.1812460720539093,0.5929161906242371,-0.1055945381522178,-0.3138873875141144,0.4611229598522186
59,180,2.140122890472412,2658.357996937108,6116.115390975005,0.2480135411024093,0.0847335085272789,0.1467252373695373,-0.9711586833000184,0.4035555124282837
60,183,2.0790958404541016,237.43758243977345,2619.796923691197,-0.21042613685131073,0.46230676770210266,0.01372960489243269,-0.6666480898857117,0.5437781810760498
60,183,2.0790958404541016,3434.2797947481654,6097.678018384864,-0.22632448375225067,0.4956355690956116,-0.0509943850338459,-0.729841411113739,0.2062075436115265
60,183,2.0790958404541016,2984.7440562764723,6045.28597818526,0.04180760309100151,0.45052459836006165,0.062474772334098816,-0.6943703293800354,0.17712925374507904
60,183,2.0790958404541016,3263.642787193181,6171.803332236326,-0.7472946047782898,0.748716413974762,-0.19482038915157318,-0.6929422616958618,0.38466453552246094
60,183,2.0790958404541016,-55.56681689816287,4208.196611895074,-0.17845283448696136,0.4687022864818573,0.08875681459903717,-0.8074668049812317,0.4788019061088562
60,183,2.0790958404541016,48.31528970600402,3728.9236275894173,-0.3585832715034485,0.5765075087547302,-0.02798866666853428,-0.6484969854354858,0.5403714179992676
60,183,2.0790958404541016,286.5761633990618,5603.262291830077,-0.41880860924720764,0.7911406755447388,0.13815730810165405,-0.8010371923446655,0.5384692549705505
60,183,2.0790958404541016,378.5947262085971,5271.303818453612,0.09260115772485733,0.45411360263824463,0.03873325139284134,-0.48487454652786255,0.3684872090816498
60,183,2.0790958404541016,1266.3730967074769,6375.312921223627,-0.337551087141037,0.5827977061271667,0.08566899597644806,-0.8893123865127563,0.40370580554008484
60,183,2.0790958404541016,293.5776738656725,5589.894595028065,-0.5177216529846191,0.7423402667045593,0.12705378234386444,-0.9274241924285889,0.5652063488960266
