generation,num_eval,local_i,time,f_sur,f_IC,x0,x1,x2,x3,x4
1,6,0,2.072273969650269,20.73742803017196,1.5596752860557817,0.1157983690500259,0.8235059380531311,-0.1213731467723846,0.3730106949806213,-0.0910896807909011
1,6,100,2.062624216079712,25.912051168745187,1.0282977207544537,0.0179182458668947,1.0303071737289429,-0.1088268160820007,0.3886153101921081,-0.0620676428079605
1,6,200,2.062410593032837,26.86299408084262,0.929117511164534,0.0585587918758392,0.8938904404640198,-0.1518137454986572,0.3781580924987793,-0.0407618321478366
1,6,300,2.0337185859680176,19.78316555860556,1.6452650403854996,0.0380751937627792,0.935902178287506,-0.135901540517807,0.3815072774887085,-0.1058589071035385
1,6,400,2.0470223426818848,26.923656460648125,0.9228505183038438,0.144310250878334,0.7448120713233948,-0.1487112492322921,0.3331665694713592,-0.0998808145523071
1,6,500,1.964043140411377,26.152837918403424,1.0030397528428652,0.1325786560773849,0.8181771039962769,-0.1112437695264816,0.3726194202899933,-0.0524007007479667
1,6,600,1.984575271606445,26.883220516123515,0.9270270011432586,0.1427294015884399,0.8513618111610413,-0.0866010338068008,0.3532489836215973,-0.1412104368209839
1,6,700,1.984248638153076,22.720352218044773,1.2371209623823036,0.0914799496531486,0.4267409145832062,-0.5110669136047363,0.4543384313583374,-0.7279189229011536
1,6,800,2.070594310760498,26.330026026977208,0.9776833949391452,-0.0142964599654078,0.5849164724349976,-0.5214328169822693,0.4406977295875549,-0.7573670148849487
1,6,900,1.968789339065552,26.94632461189751,0.9205036840660537,0.1723300963640213,0.3203409612178802,-0.5092501640319824,0.4150578081607818,-0.8069055080413818
2,9,0,2.085399627685547,10.930877145439611,1.4176283704749886,0.0626437440514564,0.345329225063324,-0.5262359380722046,0.3585371673107147,-0.3575749099254608
2,9,100,1.968770265579224,10.023065811810836,1.9117659989696167,0.0292975585907697,0.691047728061676,-0.315638780593872,0.3224723935127258,-0.2099881470203399
2,9,200,2.079518318176269,10.581457884016729,1.7830781278973036,-0.0265807472169399,0.6373370289802551,-0.4597086310386657,0.350732684135437,-0.4644463360309601
2,9,300,2.016756057739258,10.454942818585328,1.5594609679276117,0.0314197987318038,0.6123712658882141,-0.3639397323131561,0.4264561533927917,-0.1264009624719619
2,9,400,1.9582760334014893,9.704635610700082,1.4607913210383574,0.0292942374944686,0.6743862628936768,-0.3361550569534302,0.4085615277290344,-0.2928533256053924
2,9,500,1.9220542907714844,10.09468853586475,1.289290678630049,0.0815612375736236,0.6904677748680115,-0.2668747305870056,0.3482073843479156,-0.2917175590991974
2,9,600,1.9284133911132808,9.39641866961042,1.6991933947742304,0.0333499535918235,0.7597717642784119,-0.3009215295314789,0.3760276138782501,-0.3423918485641479
2,9,700,1.9278802871704104,9.82558150297525,1.887692675361349,0.0101824160665273,0.5809977650642395,-0.4052861332893371,0.3951639533042907,-0.1819619536399841
2,9,800,1.967712163925171,9.359321617930608,1.815366450687144,0.0233424101024866,0.7313652038574219,-0.308270126581192,0.3723193407058716,-0.2852273881435394
2,9,900,1.9975993633270264,10.21450670128777,1.5923573599353622,0.0289939288049936,0.7073802351951599,-0.2894726991653442,0.3576410114765167,-0.0667864009737968
3,12,0,2.046881675720215,8.814711770516263,2.297080772175593,-0.0166059359908103,0.6277651786804199,-0.4055114090442657,0.3426134884357452,-0.1978636085987091
3,12,100,2.0782604217529297,8.38749160432569,3.085568826327746,0.0336571373045444,0.4927807450294494,-0.4247480928897857,0.2866052687168121,-0.1265400201082229
3,12,200,2.014073371887207,8.330032351559467,3.135450525659059,0.0330576822161674,0.5219689607620239,-0.4082222580909729,0.3019679486751556,-0.0530979111790657
3,12,300,2.0725879669189453,8.52499492100364,2.6585514145268827,0.0224672853946685,0.504359245300293,-0.4601579308509826,0.3156958818435669,-0.2658255696296692
3,12,400,1.915024995803833,8.880486425854782,2.246990391117561,0.0355443321168422,0.5079801678657532,-0.4583748579025268,0.350685179233551,-0.3280839025974273
3,12,500,1.9372458457946773,8.735638676121997,3.14599127287534,0.058462981134653,0.4931556582450866,-0.3779078722000122,0.2828044891357422,-0.0028606643900275
3,12,600,1.9582500457763672,8.677287357678976,3.0726555645083526,0.0388917662203311,0.4470306038856506,-0.4431098401546478,0.2698937654495239,-0.0765253379940986
3,12,700,1.9534120559692385,8.335186071187394,3.052744182120456,0.0338486768305301,0.5463533401489258,-0.3759428560733795,0.3377147316932678,-0.0281563494354486
3,12,800,1.907673597335816,8.291431369601845,2.945489129862964,0.0442207045853138,0.6200311779975891,-0.3195934593677521,0.3317082822322845,-0.1319679617881775
3,12,900,1.994492530822754,8.464989207924335,2.846063722531285,0.0129702500998973,0.5172271728515625,-0.4277649521827698,0.3472324907779693,-0.0381124280393123
4,15,0,1.9972736835479736,13.10684357631796,1.6711790542365197,0.1644524484872818,0.679997980594635,-0.1655582934617996,0.3290418684482574,-0.093214251101017
4,15,100,1.9523160457611084,9.200446971196072,3.253845034404063,-0.0816102176904678,0.3815941512584686,-0.6243336200714111,0.4040292501449585,-0.1178145855665206
4,15,200,1.9270343780517576,9.785087132916054,3.9160022880808985,-0.0809028074145317,0.4031889140605926,-0.6162539124488831,0.2754617631435394,-0.2129875272512436
4,15,300,1.9845879077911377,9.541252443352494,2.1640403870285083,-0.1484179496765136,0.4693486392498016,-0.6297879219055176,0.2948931753635406,-0.0508366636931896
4,15,400,1.94301986694336,9.681250149970072,2.0475331339507323,-0.1339678317308426,0.4449464678764343,-0.6245795488357544,0.1939420253038406,-0.062042910605669
4,15,500,1.998206615447998,8.939150344830757,3.1377368245314465,-0.0974709242582321,0.4319985508918762,-0.6073600649833679,0.3139933049678802,-0.1220011934638023
4,15,600,1.968672752380371,8.974934246350056,3.4986535689135523,-0.0769709572196006,0.4041662514209747,-0.6141372323036194,0.2830523252487182,-0.1421649605035781
4,15,700,1.921832799911499,10.270721401699404,3.279780696189258,-0.0371280685067176,0.4016526043415069,-0.5769428610801697,0.2364468872547149,-0.2328933030366897
4,15,800,1.9843530654907229,9.274409707856332,2.9788202301147866,-0.1354496926069259,0.478657603263855,-0.6261405348777771,0.4010117352008819,-0.0865944698452949
4,15,900,1.968868970870972,9.225456886852315,3.939856521822932,-0.1143810674548149,0.4835583865642547,-0.6141435503959656,0.3455289304256439,-0.1857999563217163
5,18,0,2.090670824050904,7.972984162808839,3.174284556609856,-0.1179324313998222,0.4236041009426117,-0.6153076887130737,0.1119469329714775,0.039602693170309
5,18,100,2.022017240524292,7.548051450243644,4.678114019922253,-0.0359586142003536,0.2082323431968689,-0.6521521806716919,0.0120659796521067,0.1209466606378555
5,18,200,2.046929121017456,7.18390557827049,4.556379475953776,-0.0761917307972908,0.2925395369529724,-0.6443367004394531,0.1159386038780212,0.1365004330873489
5,18,300,2.0334596633911133,7.2343016770852095,4.571100410180304,-0.0137817990034818,0.1850227415561676,-0.6399007439613342,0.0274223983287811,0.0775658339262008
5,18,400,1.9622299671173096,6.990261627823381,4.384187611014963,-0.1038149818778038,0.342748075723648,-0.6481112241744995,0.1161297187209129,0.078233778476715
5,18,500,1.984368085861206,8.801683374002048,3.805291497621158,0.0522724017500877,0.1457884460687637,-0.6071975827217102,-0.054461296647787,0.0598547458648681
5,18,600,1.9825341701507568,7.934349902521165,4.135226259933197,-0.1270180940628051,0.3600476384162903,-0.6689640283584595,0.0734251663088798,0.0625273808836937
5,18,700,1.9631915092468264,6.955452262451152,4.556999256562732,-0.1273974329233169,0.4162418842315674,-0.6293420791625977,0.0477268584072589,0.0957532972097396
5,18,800,1.9060149192810056,7.752682036801653,4.576407026049405,-0.1361039727926254,0.4000794887542724,-0.6357806324958801,0.0492444150149822,0.1698701232671737
5,18,900,1.951606512069702,7.575607736070413,4.353565742128099,-0.1100210845470428,0.3703696727752685,-0.6440130472183228,-0.045472826808691,0.0245168637484312
6,21,0,1.9832792282104488,10.098377729072984,2.398560232299728,-0.0338983237743377,0.3369313180446625,-0.5885114669799805,0.2312173396348953,-0.006822750903666
6,21,100,2.094205856323242,9.086404028589447,4.066789080309698,-0.0488289892673492,0.5272698998451233,-0.5186165571212769,0.0701630488038063,-0.3009376227855682
6,21,200,2.000088691711426,9.70565194641129,3.6205749293169776,0.0198931209743022,0.4124655127525329,-0.5161387324333191,0.1410914957523346,-0.3512902557849884
6,21,300,2.079890012741089,9.81637217994021,3.092390420138152,-0.0787415355443954,0.6941943168640137,-0.4824668765068054,0.3008752465248108,-0.4790141880512237
6,21,400,1.984727382659912,10.505961061077535,3.256463273389,-0.0789786875247955,0.5689226388931274,-0.5320841073989868,0.0837039723992347,-0.3492122590541839
6,21,500,2.0698299407958984,8.469116886780036,4.142078803293595,-0.0396695211529731,0.5973815321922302,-0.489508718252182,0.1773493736982345,-0.4815615117549896
6,21,600,2.046836853027344,8.464213506174929,3.904061299125911,-0.0288618821650743,0.5960352420806885,-0.4812614619731903,0.1600964218378067,-0.4378471374511719
6,21,700,2.078120946884156,9.407066537098416,3.962264972135239,-0.1153345555067062,0.7287498116493225,-0.4976648986339569,0.1968681812286377,-0.4542642831802368
6,21,800,2.0759315490722656,9.038801642308082,3.668924326673532,0.0263922195881605,0.4715636670589447,-0.4915449917316437,0.1453260481357574,-0.3975792527198791
6,21,900,2.0780937671661377,9.31527564321872,3.989327765839098,-0.0343801416456699,0.5109702944755554,-0.5097730159759521,0.0577882342040538,-0.2744140326976776
7,24,0,1.9795787334442136,13.144048550336,1.771900746664376,-0.091968148946762,0.5581682324409485,-0.5312919020652771,0.0931013822555542,-0.1616880148649215
7,24,100,2.000108242034912,11.537793432944008,2.974572630948332,0.0566833093762397,0.1928964257240295,-0.5787438154220581,0.293852835893631,0.0259343702346086
7,24,200,1.988990068435669,10.093859521598338,2.467080856532477,-0.0232894662767648,0.3013526499271393,-0.5920565128326416,0.1662382930517196,-0.0173862911760807
7,24,300,2.000114679336548,10.605538915888395,3.0189683561112464,0.0381460264325141,0.191495656967163,-0.5995995402336121,0.2883689403533935,0.0441300272941589
7,24,400,1.953153371810913,14.07996674982272,2.359117985318856,0.1135229244828224,0.0495485179126262,-0.6059859395027161,0.2344503253698349,0.0033491605427116
7,24,500,2.026308298110962,12.837483171639413,2.313358472878128,0.0657540708780288,0.1355752050876617,-0.5862663984298706,0.1991418153047561,0.1126229166984558
7,24,600,2.046903133392334,10.847288030433736,3.018009516605396,0.0425167679786682,0.212431862950325,-0.5900343656539917,0.2089520841836929,-0.0383478701114654
7,24,700,2.0671443939208984,10.549748270139206,2.6327778694528514,0.0174407642334699,0.2710128426551819,-0.5575699210166931,0.0963939055800437,0.032093770802021
7,24,800,2.07768988609314,10.072678813751528,2.162788224481063,-0.045220848172903,0.3249024748802185,-0.5994003415107727,0.2572296559810638,-0.0342101640999317
7,24,900,2.0468568801879883,12.19675401933968,2.669697100879955,0.0635891333222389,0.2183358967304229,-0.5474363565444946,0.0903330296277999,-0.0149482218548655
8,27,0,1.9711239337921145,9.724850368627688,2.9775639083833765,-0.0140699055045843,0.2780213057994842,-0.5895230770111084,0.2275990098714828,0.071115918457508
8,27,100,1.9434728622436523,12.339035058218409,2.3792066480053986,0.0140672633424401,0.262493222951889,-0.5660948753356934,0.2503843903541565,0.1163706332445144
8,27,200,1.939600944519043,10.125510143595422,3.0598237771368284,0.011973307467997,0.2696571946144104,-0.5790097117424011,0.2504104971885681,0.0581471920013427
8,27,300,1.937640905380249,11.435305473601945,0.5797381054593875,-0.0539970584213733,0.3024264872074127,-0.635141909122467,0.3576686680316925,-0.0121612073853611
8,27,400,1.983708143234253,9.930790954500326,1.497593108976783,-0.0889496877789497,0.4120290577411651,-0.6049154996871948,0.2784084379673004,-0.0155676491558551
8,27,500,1.9403669834136963,10.42492833942633,1.6327912123239496,-0.0526102110743522,0.3477954566478729,-0.5889573693275452,0.1020397469401359,0.0439314991235733
8,27,600,1.969036340713501,10.586563063985118,2.8252467960506764,-0.0090611474588513,0.2664161622524261,-0.5955660939216614,0.3462097346782684,0.0731012001633644
8,27,700,1.968308448791504,11.019802818860247,0.8646315103757143,-0.0511894486844539,0.3013778030872345,-0.6311560869216919,0.3582085072994232,0.0264835078269243
8,27,800,1.999874830245972,10.425042841778726,2.6634064421131827,0.0173254236578941,0.2739204466342926,-0.5733153820037842,0.1862986832857132,-0.0500350631773471
8,27,900,2.046992540359497,10.22771092014921,2.9439274923481094,-0.0353227220475673,0.3215855956077575,-0.5797119736671448,0.269179105758667,0.0957549735903739
9,30,0,2.0000264644622803,11.104864814754272,5.743015837565634,0.0087359165772795,0.2207751870155334,-0.5784695744514465,0.2675132751464844,0.2640177309513092
9,30,100,1.9518773555755613,-4.29971851714593,18.304692014337817,0.0217978134751319,0.2809972465038299,-0.6265937089920044,0.5213203430175781,-0.4199491143226623
9,30,200,1.953131914138794,-4.223255778596702,17.041317525974225,0.0784218981862068,0.1582325547933578,-0.6313401460647583,0.3020685017108917,-0.3887066841125488
9,30,300,1.968852043151856,-4.828729677137719,18.06296002319771,0.2148521542549133,-0.040891446173191,-0.6312568783760071,0.3225154280662536,-0.4548496603965759
9,30,400,2.0470550060272217,0.8079959579752476,13.222109038993349,0.1908008903264999,-0.0164710525423288,-0.6335062980651855,0.2456041574478149,-0.3608491718769073
9,30,500,2.1404013633728027,-2.9113640663739986,18.01424386692895,0.2074051201343536,0.0414764247834682,-0.626591682434082,0.4286277592182159,-0.6148973703384399
9,30,600,2.1560475826263428,-3.847574304810536,16.612613116887267,-0.0637890547513961,0.4205113351345062,-0.6241602897644043,0.3149439990520477,-0.3663919568061828
9,30,700,2.030889749526977,-4.013522905131087,15.420410565695116,0.0925516262650489,0.1248869150876998,-0.6270275115966797,0.3150287866592407,-0.1926211267709732
9,30,800,2.085843086242676,-4.627073372001515,18.101839697702545,0.0897337570786476,0.1372101753950119,-0.6280699372291565,0.5414522290229797,-0.2717398703098297
9,30,900,2.119138479232788,1.437140911566722,14.980141588042356,0.2520123422145843,-0.1558791399002075,-0.6250758767127991,0.6163157820701599,-0.0741224214434623
10,33,0,1.999991655349732,11.134207294077742,0.6222462591781595,0.3539683818817138,-0.2874886989593506,-0.5919892191886902,0.2402563840150833,-0.0783566534519195
10,33,100,1.984262228012085,4.66781462071296,8.935865781021953,0.5424059629440308,-0.5882695317268372,-0.6278392672538757,0.3422691524028778,-0.2906950712203979
10,33,200,1.90614652633667,12.265507030998736,3.802273526310942,0.5375809669494629,0.1058808341622352,-0.1141727119684219,0.3101043105125427,-0.03160310536623
10,33,300,2.0159213542938232,13.043797263795168,2.91701134876924,0.1406117677688598,0.5502209067344666,-0.4215695559978485,0.3471371233463287,-0.9514134526252748
10,33,400,1.9846105575561523,10.139587950328966,3.996099120923949,0.1982827335596084,-0.1210447028279304,-0.6274943947792053,0.1706956326961517,-0.0192746017128229
10,33,500,1.997760772705078,11.903411631842108,5.59575480295351,0.273770660161972,0.1893649697303772,-0.4701595604419708,0.2670450806617737,-0.8094968795776367
10,33,600,2.051853656768799,13.10487480501104,3.5952667929683493,0.5748646855354309,0.0481164343655109,-0.1225408017635345,0.5016291737556458,0.0052876053377985
10,33,700,2.0936882495880127,15.017552177442232,5.850039105047491,0.5099793076515198,0.0975268110632896,-0.1234290972352027,0.2928928136825561,0.2932083904743194
10,33,800,2.0183451175689697,7.211195019798701,5.780296271237441,0.2448725700378418,-0.1704748123884201,-0.623113751411438,0.3897468149662018,0.0232599824666976
10,33,900,2.034777402877808,12.004004114196258,7.559927521300579,0.1429135799407959,0.2672494947910309,-0.5368201732635498,0.3936939835548401,-0.6184173226356506
11,36,0,1.99959683418274,1.44631962833979,9.85131089409482,0.4030900001525879,-0.3668982088565826,-0.6285492777824402,0.461677074432373,-0.229761004447937
11,36,100,1.9843053817749023,6.596785973906734,6.30231214509724,0.3577447533607483,-0.3883279263973236,-0.6274223327636719,0.3749240040779114,0.2150945961475372
11,36,200,2.0078768730163574,15.420336284756946,0.6933584066259959,0.2268005609512329,-0.0498068369925022,-0.5913749933242798,-0.1038442924618721,-0.2529239654541015
11,36,300,1.9843268394470213,3.2682327559469435,10.87344398433789,0.0235000178217887,0.1963457316160202,-0.6269515752792358,0.5671643018722534,-0.0214275009930133
11,36,400,2.015577793121338,4.308232472361993,10.758852260882474,0.0946836993098259,0.0672655254602432,-0.6295311450958252,0.5897732973098755,0.0320657417178154
11,36,500,1.9843854904174805,4.37838880663773,6.181742857442959,-0.1013634949922561,0.3882249891757965,-0.6276237964630127,0.3372394442558288,0.0401555933058261
11,36,600,1.937515020370484,5.348125140496233,10.934271478386888,-0.0015396320959553,0.2416614592075348,-0.6280990839004517,0.6213691234588623,0.0467428416013717
11,36,700,1.955549716949463,6.472513437638835,10.263427434488417,-0.0671347081661224,0.2977252006530761,-0.6285573244094849,0.5687770247459412,0.1845067292451858
11,36,800,2.047017812728882,15.839748627483036,1.6724539579532949,0.0265874378383159,0.4945030212402344,-0.4605482816696167,0.2128063887357711,-0.4343613684177398
11,36,900,1.9922716617584229,8.472627904154542,9.908971193918816,0.0437909141182899,0.1901041120290756,-0.624645471572876,0.6991370916366577,-0.0893763825297355
12,39,0,2.03139328956604,24.18808385912725,4.609509545492222,1.0628294944763184,-0.4862676858901977,0.0565024428069591,0.3003742396831512,0.2949288189411163
12,39,100,2.016029357910156,7.295610627507013,7.109393573250374,-0.0838043168187141,0.2629900872707367,-0.6901096701622009,0.325853019952774,-0.0101705333217978
12,39,200,1.9851353168487549,12.0921339289857,3.7344545253595416,-0.0827798321843147,0.3537835776805877,-0.6249377727508545,0.2505458891391754,0.0879629924893379
12,39,300,2.012819766998291,15.30418438037609,5.419502733474548,-0.0158759038895368,0.331736147403717,-0.5605610013008118,0.2173882275819778,0.0153642836958169
12,39,400,2.000085592269897,8.42662642724408,6.686564767233274,-0.0809111595153808,0.3338532149791717,-0.6432135105133057,0.3241914808750152,-0.0242552030831575
12,39,500,1.984445095062256,13.970794285694208,4.6677326336743175,-0.1861574351787567,0.5415363311767578,-0.6278324723243713,0.2285859435796737,-0.0088699953630566
12,39,600,2.0313427448272705,12.596441161310898,6.600590477749567,-0.0615773051977157,0.3307763934135437,-0.6272157430648804,0.3214898109436035,-0.044300403445959
12,39,700,2.171142339706421,15.080340940783548,1.258031128950977,-0.0826761350035667,0.3193584084510803,-0.6341699361801147,0.2599711418151855,0.114732526242733
12,39,800,2.046797752380371,14.443471440798284,6.981126845429284,-0.0819997116923332,0.3914940059185028,-0.6178206205368042,0.3450894653797149,-0.0645236894488334
12,39,900,2.063478946685791,14.031974091960098,4.387868208857556,-0.0815720558166503,0.3455900251865387,-0.6294080018997192,0.258161723613739,0.0787310674786567
13,42,0,2.010151624679565,13.046442729255936,5.184434886729372,-0.2468180954456329,0.5554267764091492,-0.644446849822998,0.237708181142807,0.1493990123271942
13,42,100,2.015666007995605,10.764633195475405,2.641491063241729,-0.1421218812465667,0.4935516119003296,-0.614608108997345,0.1961203813552856,-0.0407118871808052
13,42,200,1.937284469604492,11.839071003825072,8.149001850466215,-0.0601688176393508,0.1039314642548561,-0.7850298881530762,0.3548222184181213,-0.0387605093419551
13,42,300,1.9374945163726809,11.112192355104476,7.437396984493326,0.0693395286798477,0.0399502217769622,-0.6716756820678711,0.3768675029277801,-0.010378130711615
13,42,400,1.9375348091125488,11.292697853515074,4.38001882528925,-0.1794043034315109,0.3915081620216369,-0.7248107194900513,0.3013697862625122,-0.0084241349250078
13,42,500,1.9629428386688232,11.947235812325555,5.724162097172815,-0.101093091070652,0.4226749539375305,-0.6202493906021118,0.1674315929412841,-0.0336598940193653
13,42,600,1.95313024520874,9.744288057739086,6.4223036979445975,-0.1061121970415115,0.218237891793251,-0.7452734708786011,0.3167094886302948,0.0033471104688942
13,42,700,1.9828970432281487,5.861306103636967,7.347175609069417,-0.0649871453642845,0.221241220831871,-0.7089568376541138,0.3407237529754638,-0.0082024428993463
13,42,800,1.9986677169799805,10.381968752439796,6.885439163635527,-0.0083043547347188,0.0603946931660175,-0.7475970983505249,0.3437722623348236,0.0026948435697704
13,42,900,2.031367301940918,14.605957585672812,5.933110086320192,0.1242480054497718,-0.0566550604999065,-0.6786372661590576,0.3085388243198395,0.0150159690529108
14,45,0,1.9922168254852293,11.161285793364174,1.4897529262755729,0.3703914582729339,-0.3355158269405365,-0.6076314449310303,0.3500296473503113,-0.0072750421240925
14,45,100,1.9008119106292725,7.978425358271464,6.046605759881348,0.0954086184501648,0.09422018378973,-0.6037392020225525,0.3486985266208648,-0.0296882521361112
14,45,200,1.922341108322144,13.827572875165329,5.900189893892007,-0.051920011639595,0.4238529205322265,-0.5503073930740356,0.3760310113430023,-0.0356733761727809
14,45,300,1.959494590759277,8.11602307321958,5.443851452047662,0.042871419340372,0.1548364907503128,-0.6226723790168762,0.3352493345737457,-0.0294128097593784
14,45,400,1.9686031341552728,13.237822533653102,4.329655985952006,0.162298172712326,0.1146853640675544,-0.5446509718894958,0.2874066233634949,-0.240573763847351
14,45,500,1.9840803146362305,15.173907383767553,4.658816694465052,-0.0670496746897697,0.2353216707706451,-0.6927219033241272,0.1808739453554153,-0.0105592431500554
14,45,600,1.9842236042022705,6.49129215480837,6.963689084329348,-0.0111291827633976,0.1120300889015197,-0.7193412184715271,0.3205316960811615,-0.0078038447536528
14,45,700,1.98431396484375,14.082790940308088,4.020772251266044,0.1400457173585891,0.2721405029296875,-0.467430055141449,0.2966501414775848,-0.2225853651762008
14,45,800,2.0624890327453613,11.059339129442115,4.945628723244534,0.0856491923332214,-0.0033270556014031,-0.6773771047592163,0.3078625798225403,-0.0282179526984691
14,45,900,2.0624210834503174,12.085991548464618,5.169034090468459,0.1086560413241386,-0.0858459174633026,-0.711654543876648,0.3253830969333648,0.0200484301894903
15,48,0,2.0781121253967285,17.593049926588176,4.541879508681598,0.0602830089628696,0.2387259006500244,-0.5734115242958069,0.3246720731258392,-0.1734996885061264
15,48,100,2.125589609146118,16.999855754436105,4.225549731915308,0.1574035733938217,0.068834014236927,-0.5806035399436951,0.2358322441577911,-0.1956899464130401
15,48,200,1.9844560623168943,14.506743177875244,5.496868121713341,0.150283470749855,-0.0710514783859252,-0.6593471765518188,0.3640626966953277,-0.0147114749997854
15,48,300,1.9851336479187007,12.23924931302924,5.717431289960781,0.1485078334808349,-0.0192318428307771,-0.6220055222511292,0.3419308662414551,-0.0058318246155977
15,48,400,2.0313732624053955,16.46455864163787,4.513837904253693,0.182645171880722,-0.0484485998749733,-0.6294636130332947,0.3418933153152466,-0.2078392058610916
15,48,500,1.984013080596924,19.66438345033752,4.570867903136715,0.0054069557227194,0.0722902789711952,-0.7015169858932495,0.2438737452030182,0.1232312470674514
15,48,600,1.999744176864624,14.66471532798608,5.465012217143197,0.1917808800935745,-0.0516187809407711,-0.601850688457489,0.3742569983005523,0.0009755045757628
15,48,700,1.938366413116455,16.6251910682821,3.4190239205623256,0.3466355502605438,-0.3321667313575744,-0.6406143307685852,0.3659296631813049,-0.1858133226633072
15,48,800,1.9998624324798584,14.548715751317271,5.308017113467381,-0.0596833825111389,0.3467990159988403,-0.5830971002578735,0.2077306360006332,0.124392420053482
15,48,900,1.994767904281616,18.89307335000967,4.9240369409220754,-0.0719179883599281,0.2367087751626968,-0.6892938017845154,0.3663840293884277,0.0401875227689743
16,51,0,2.0625104904174805,8.09888179830401,7.906364597314709,0.4788181185722351,0.0066096992231905,-0.2351084202528,0.3716893196105957,0.0026083514094352
16,51,100,1.9846348762512207,13.56629214856259,5.216820501288114,0.5452736020088196,0.4537786543369293,0.0998057126998901,0.3455222845077514,-0.1081885993480682
16,51,200,2.02530288696289,8.2693327852935,3.0404895025427248,-0.0278922095894813,0.1752859503030777,-0.6978024840354919,0.3538406193256378,-0.0074399635195732
16,51,300,2.046915531158448,9.707227889595597,4.8141681237077165,0.5929147005081177,-0.1468391567468643,-0.2371173948049545,0.3549686968326568,-0.0791106075048446
16,51,400,1.9531290531158447,2.691556230819913,8.055545480443794,0.3893239498138428,-0.4381127059459686,-0.6400200724601746,0.3418392241001129,0.0111825605854392
16,51,500,2.031250476837158,12.5747622100265,6.6023306484062765,0.6391175389289856,0.3531806766986847,0.1262597143650055,0.3211808502674103,-0.1021491289138794
16,51,600,1.9844391345977783,2.6597514524757777,8.98958202634573,-0.0238211173564195,0.0193880721926689,-0.7925434708595276,0.3656396865844726,0.0115666575729846
16,51,700,1.9692208766937256,11.84787749677858,4.222882769805965,-0.0071949334815144,0.4239672124385834,-0.500769853591919,0.295967698097229,-0.0527658909559249
16,51,800,1.9530174732208248,11.9922158329269,6.778214144401229,-0.0027429286856204,0.3378263413906097,-0.5438876748085022,0.2379301190376281,-0.0571397431194782
16,51,900,1.9710536003112795,10.090123355559944,7.5531738966552595,0.3435590863227844,0.7583771347999573,0.0768921300768852,0.3164252638816833,-0.0783908814191818
17,54,0,2.079397678375244,13.015286220396206,3.937651937240103,0.1225669533014297,-0.1473712772130966,-0.7373144626617432,0.2340180873870849,-0.0311769377440214
17,54,100,2.1166279315948486,9.733734792008452,5.614543477360615,-0.1625480353832245,0.1855682730674743,-0.830109715461731,0.3292394280433655,0.0225365553051233
17,54,200,2.0332276821136475,8.897088985955522,5.134089801435967,0.2921735346317291,0.2001023888587951,-0.3159172534942627,0.3448722660541534,-0.0741454139351844
17,54,300,2.0700130462646484,4.528883218061242,7.466435521270226,-0.3415662348270416,0.4495101273059845,-0.8721556067466736,0.3271549940109253,-0.0078599816188216
17,54,400,2.0556650161743164,4.514807636163759,9.170635330157271,0.1472690552473068,-0.5201706290245056,-0.99253112077713,0.3465334773063659,-0.0041229357011616
17,54,500,2.062787771224976,0.0249675946841776,10.766335059658935,0.1385151296854019,-0.3577921390533447,-0.8801845908164978,0.3233028948307037,-0.0109863569959998
17,54,600,1.9533710479736328,1.9444229983989167,10.623674034465273,-0.0642937794327735,-0.2077772170305252,-0.9981716275215148,0.3334271013736725,-0.0039901873096823
17,54,700,1.9221513271331787,3.1760569038820385,10.149210266622283,0.0391449518501758,-0.3443624973297119,-0.9727625846862792,0.3261145353317261,0.0103496555238962
17,54,800,1.953191518783569,11.317813169571236,4.565604460386656,0.1303766369819641,-0.3060005307197571,-0.8596026301383972,0.319596916437149,-0.0347698666155338
17,54,900,1.9649975299835205,11.976191994476274,7.30061252869101,0.3170301616191864,-0.8621090650558472,-1.0670480728149414,0.2716259956359863,-0.000924767460674
18,57,0,2.079652547836304,4.091053123570632,8.491734247664175,0.3342805504798889,-0.5566525459289551,-0.8071834444999695,0.3995802402496338,0.0659657791256904
18,57,100,1.9372901916503904,4.621504167140472,8.480087318562383,-0.067456915974617,0.2091485857963562,-0.7025658488273621,0.3883355855941772,0.0612987652420997
18,57,200,1.935251951217652,8.838627459043341,6.108942049811014,0.1625030636787414,0.0228131990879774,-0.574912965297699,0.3299832344055176,0.0365061238408088
18,57,300,1.9918880462646484,4.090520076695189,9.869740657931748,-0.0233481880277395,0.1474450528621673,-0.6966206431388855,0.3363900780677795,0.0573317967355251
18,57,400,1.9842429161071773,6.143646813787033,8.817185802101529,0.055226881057024,0.0042076623067259,-0.7223199605941772,0.3932089805603027,0.0469256304204463
18,57,500,2.031771183013916,8.121529725174392,6.754068833052674,-0.142284408211708,0.1203744038939476,-0.8598645329475403,0.3682564795017242,0.03970517963171
18,57,600,1.984508752822876,5.019239841396907,6.459562035877116,0.2460141628980636,-0.2587520778179168,-0.6755630970001221,0.367313414812088,0.0225397199392318
18,57,700,1.9945666790008545,2.33651569846246,10.44392271963505,0.2063910365104675,-0.2277584075927734,-0.687879741191864,0.3576031625270843,0.0607220865786075
18,57,800,1.963367938995361,5.88608960401023,4.9865468655406495,0.0563239231705665,0.1402482390403747,-0.5925875306129456,0.2333843111991882,0.1201622486114502
18,57,900,1.984251976013184,10.525374262572235,8.665522437821467,0.2141086906194687,0.257762998342514,-0.3469982147216797,0.1939476132392883,0.1393775939941406
19,60,0,2.0768280029296875,7.507663006001243,2.941039491035164,0.33634814620018,-0.3856947124004364,-0.6763572096824646,0.3606104552745819,-0.01395995169878
19,60,100,2.051756858825684,4.403824950436778,9.43595129506302,0.1727129369974136,0.2793736457824707,-0.3803567886352539,0.2031795531511306,0.1175166144967079
19,60,200,2.093385696411133,13.931460415933303,5.5538546524774,-0.2902796566486358,0.5057365894317627,-0.7600335478782654,0.1468304991722107,-0.0469006597995758
19,60,300,2.062686920166016,-0.3587107066078268,10.371413801232093,0.0865520611405372,-0.1517451852560043,-0.7883049249649048,0.3647982478141784,-0.00054124527378
19,60,400,1.986664056777954,9.22978599286832,8.463156907957222,0.1905629336833953,0.0796433240175247,-0.4832159280776977,0.1592686921358108,0.1251787096261978
19,60,500,2.00416111946106,2.7240779852503536,8.718493935798602,0.1264425814151764,0.1274260282516479,-0.523000180721283,0.2200787216424942,0.1148349121212959
19,60,600,1.9610412120819087,10.732794335692391,4.603853261352459,0.181179791688919,0.2162036597728729,-0.4042590856552124,0.2392763793468475,0.1179958656430244
19,60,700,1.9836740493774407,12.985808771647736,7.139041226596358,-0.1168379187583923,0.3544099032878876,-0.6588799953460693,0.1199711933732032,0.1206903681159019
19,60,800,1.9284961223602293,10.485028231314924,8.038706915311797,-0.0096694016829133,0.4400888085365295,-0.4702837467193603,0.1377474069595337,0.1190400943160057
19,60,900,1.9688522815704343,15.192913855107337,4.370384219053221,0.3817725479602813,-0.0727774947881698,-0.3995238542556762,0.1929289847612381,-0.0407877452671527
20,63,0,2.098210573196411,9.364330227536524,8.037026430789327,0.0043351012282073,0.0193138513714075,-0.7414376139640808,0.1514583826065063,0.1133495047688484
20,63,100,2.0311219692230225,7.447337929276026,6.443569148987981,0.2298494726419448,0.1040997728705406,-0.4284668564796448,0.2301668971776962,0.1169658005237579
20,63,200,2.031374931335449,4.2919431470878,5.484658589507641,0.2317917644977569,-0.2914783358573913,-0.7176443934440613,0.3322052955627441,-0.0054701119661331
20,63,300,2.0618135929107666,12.084720556368127,5.106673389123036,0.2672958970069885,0.0532583035528659,-0.4252225160598755,0.2565198540687561,0.0998442396521568
20,63,400,1.9534718990325928,9.846939355656213,7.692091464748545,-0.0582329407334327,0.1200007870793342,-0.7436814308166504,0.1507221311330795,0.1115598678588867
20,63,500,2.000118017196656,5.759198620168906,8.460375628863442,-0.3094452321529388,0.4392767548561096,-0.7953047156333923,0.1963909268379211,0.1212570071220398
20,63,600,1.9689435958862305,9.266504914818611,3.53988750634925,-0.081062875688076,0.3043693006038666,-0.6386725902557373,0.2266284972429275,0.121226780116558
20,63,700,1.9683408737182613,12.912012571160185,4.062264368190323,0.183474451303482,0.0061130062676966,-0.5574434399604797,0.1478769332170486,-0.0308677889406681
20,63,800,2.0480782985687256,14.984912943003678,2.8720045438663657,-0.0469565615057945,0.0735680162906646,-0.7629002332687378,0.2260997891426086,0.1246064230799675
20,63,900,1.985212802886963,1.346729943443279,10.350173443768234,-0.1677264124155044,0.5082093477249146,-0.6030946969985962,0.1964261680841446,0.115416795015335
21,66,0,2.031402111053467,12.581340171164626,2.5072322340018376,0.4292204976081848,-0.1393198370933532,-0.4234262406826019,0.3288768827915191,-0.1918892562389373
21,66,100,2.0561084747314453,7.235760272565038,6.7063569842915545,-0.0641696751117706,0.0931132510304451,-0.7855412364006042,0.4037458002567291,-0.0095188654959201
21,66,200,2.078352689743042,4.712237749077364,7.386769579148133,-0.1586628854274749,0.603597104549408,-0.5358087420463562,0.2044798731803894,0.1066090315580368
21,66,300,2.0923781394958496,3.0495869985540587,8.76869350657146,0.1523837149143219,-0.0005650858511216,-0.5848149061203003,0.2163387387990951,0.1104327216744422
21,66,400,2.062499523162842,2.9653523537759163,8.456684370523073,0.0496243387460708,-0.4181703329086303,-1.0136439800262451,0.3137916028499603,0.0085032954812049
21,66,500,1.9686262607574463,11.73082522539402,2.5290592371737857,0.3820950388908386,-0.1548060774803161,-0.4774317443370819,0.3089273869991302,-0.1797941774129867
21,66,600,1.956042051315308,7.293470770573975,5.604787553389797,-0.0655306354165077,0.1279279440641403,-0.7732158303260803,0.3789032697677612,-0.011992760002613
21,66,700,2.0936644077301025,10.357994328648845,5.694267074696698,0.2915374636650085,0.0522438287734985,-0.3978963196277618,0.2548500001430511,0.1079649105668068
21,66,800,1.9059937000274656,4.593394253635154,9.562368670343735,0.0788556411862373,0.1334728151559829,-0.5750517249107361,0.1827995032072067,0.1216061636805534
21,66,900,1.968733549118042,12.231715597298033,5.819363979134232,0.0591146349906921,0.199780061841011,-0.5530117154121399,0.1588453501462936,0.1047573760151863
22,69,0,1.999959707260132,16.89644431463462,1.8448000326951697,0.3143199384212494,-0.2837563753128052,-0.6115502119064331,0.310910165309906,0.0196869932115077
22,69,100,2.078192949295044,10.555337392548784,5.349605127990268,-0.0537683293223381,0.3545766174793243,-0.5743476152420044,0.1720961779356002,0.103890337049961
22,69,200,2.0766165256500244,17.17204481654524,2.249010019071442,0.3404799401760101,0.2804291844367981,-0.1803287416696548,0.1891349107027053,0.1794172376394271
22,69,300,1.9840328693389893,11.885848288310635,5.3278990374231725,0.0930363088846206,0.0265550483018159,-0.6524055004119873,0.4160140752792358,0.0118573550134897
22,69,400,2.031222105026245,12.127226934715388,5.996424488630039,0.1922137886285781,0.0703582316637039,-0.4854097664356231,0.1618339866399765,0.1058952733874321
22,69,500,1.952742576599121,5.214724418212555,8.55311477150603,0.0322533100843429,0.5915414690971375,-0.3279509544372558,0.204491376876831,0.1116145551204681
22,69,600,1.968677520751953,12.171276717741474,4.293393080272797,0.2019362598657608,0.4653204381465912,-0.2440376877784729,0.3612629771232605,-0.059163860976696
22,69,700,2.0334577560424805,4.899812561331537,8.628687176832596,0.269267201423645,-0.1313612461090088,-0.5423159003257751,0.2074347734451294,0.1117716059088707
22,69,800,2.015287160873413,5.586372555344568,8.828825821668952,0.2433834969997406,-0.1920258551836013,-0.6106908321380615,0.1925240904092788,0.1171656548976898
22,69,900,1.9686167240142824,13.503936381808892,4.1380784900057,0.6685519814491272,-0.3104786276817322,-0.2845826745033264,0.2250591218471527,-0.1865617334842682
23,72,0,2.0792808532714844,11.262869862509485,4.768563552377939,-0.151648536324501,1.157767653465271,-0.223978579044342,0.3837738037109375,-0.1025099232792854
23,72,100,2.09730076789856,2.671745993250358,11.132236461424233,0.4277169704437256,-0.5646948218345642,-0.6962171196937561,0.0665056630969047,0.0724706798791885
23,72,200,2.0467896461486816,13.664042300834122,2.362618997535976,0.1416359841823578,0.2390004694461822,-0.4590066075325012,0.3286770284175873,-0.0639057904481887
23,72,300,2.0157320499420166,4.8865939999004695,9.990370868812736,0.4654414653778076,-0.4955986738204956,-0.5931191444396973,0.0792259871959686,0.0591050460934639
23,72,400,1.9842536449432373,6.758772186744817,7.672664430811432,0.1156224831938743,-0.0063785668462514,-0.6230907440185547,0.2231229990720749,0.1097609549760818
23,72,500,2.015862226486206,2.731875085673707,9.13150399609748,-0.086172915995121,0.3851020932197571,-0.5960266590118408,0.2141520977020263,0.1212285831570625
23,72,600,1.9968764781951904,2.9623090738776447,9.638295091030246,0.0531753450632095,-0.1957328617572784,-0.8535065054893494,0.3651803433895111,0.0102899195626378
23,72,700,1.9846746921539309,5.864769284134667,7.2044805521973165,0.268466591835022,-0.3537235260009765,-0.7180008292198181,0.0253593493252992,0.0621500946581363
23,72,800,1.969412326812744,8.022974298761055,8.19046502524311,-0.0521845556795597,0.1892709881067276,-0.6890249848365784,0.1816668510437011,0.1129129081964492
23,72,900,1.9532575607299805,4.628757007255061,5.814216200863975,0.1102247983217239,-0.0825215131044387,-0.6990970373153687,0.3495197892189026,-0.0029546453151851
24,75,0,2.061495304107666,7.92822964019612,8.019922748190913,0.536262035369873,-0.5768845677375793,-0.5780971050262451,-0.0028772300574928,0.0584300085902214
24,75,100,2.031330108642578,2.256718253257713,9.733301618230362,0.3448216915130615,-0.4741751849651336,-0.7198196649551392,0.0276952106505632,0.0650677010416984
24,75,200,1.9961462020874023,1.6578785747249647,11.335876001360567,0.3450731039047241,-0.5669254064559937,-0.7723855972290039,0.0515968799591064,0.0658025294542312
24,75,300,2.07729721069336,3.3424549438901856,9.646435874569429,-0.0826707407832145,0.0492491945624351,-0.8334988951683044,0.3567014336585998,0.0213306006044149
24,75,400,1.999882459640503,10.823900090311454,8.16357688363331,0.1517566889524459,-0.1252402812242508,-0.6676629185676575,0.1778971999883651,0.1276565641164779
24,75,500,1.945993185043335,9.854636059876375,6.358888086968179,0.1310294568538665,0.039560243487358,-0.5915392637252808,0.2081486731767654,0.1045926585793495
24,75,600,1.937504768371582,7.904185430240094,4.688399663429137,0.2031955868005752,-0.0810037851333618,-0.6068297624588013,0.3608551323413849,0.0091398069635033
24,75,700,1.999861478805542,6.197110723859197,5.952525867303752,0.1371092349290847,-0.1488515883684158,-0.7055052518844604,0.3174120485782623,0.0127544347196817
24,75,800,2.0138182640075684,1.7328707551657525,9.399375439236938,0.4007910788059234,-0.4594505429267883,-0.6325888633728027,0.0486616045236587,0.0643666163086891
24,75,900,2.015639066696167,3.762779853252692,7.537594544741594,-0.0004038005135953,0.1305203884840011,-0.6878295540809631,0.369317352771759,0.0069948420859873
25,78,0,2.0800657272338867,14.359709862102765,0.7914016154105179,0.1369755864143371,-0.1619948446750641,-0.7399368286132812,0.2959226667881012,-0.0113725066184997
25,78,100,2.109199523925781,5.438583042456454,5.9678171702258975,0.411620020866394,-0.4167200028896332,-0.603584885597229,0.0433238297700881,0.0773031562566757
25,78,200,1.9998092651367188,11.170080801304374,6.25359676909492,0.0118872374296188,0.6877039670944214,-0.3228978216648102,0.3450931310653686,-0.1090339571237564
25,78,300,2.0467207431793213,6.350585916360892,7.5386674741050115,0.4528659880161285,-0.5163977146148682,-0.62808758020401,-0.0007400811882689,0.0711212381720542
25,78,400,2.0230958461761475,9.010317053722734,6.585368219364246,0.4940080344676971,-0.3774445056915283,-0.4693017899990082,0.0708137899637222,0.0693883299827575
25,78,500,1.9867603778839111,9.696632189953586,6.521649579172503,0.5302401781082153,-0.4372799694538116,-0.4774789810180664,0.0357190892100334,0.0517533868551254
25,78,600,1.984717607498169,12.539741876749046,3.927135679635727,0.2377197444438934,0.2459250539541244,-0.3523449301719665,0.3325861990451813,-0.0653479173779487
25,78,700,2.0469837188720703,8.437489656507315,8.440887628665864,-0.1304074227809906,0.6703149080276489,-0.4586359858512878,0.1839005053043365,0.1157741248607635
25,78,800,1.9997470378875728,8.090721527371665,7.871215012081472,0.1887662559747696,-0.0448951460421085,-0.5753454566001892,0.2222060114145279,0.1225554496049881
25,78,900,2.003821611404419,6.248929546825217,9.405105541514162,0.0868395343422889,0.3481307327747345,-0.4150268733501434,0.2070707827806472,0.1231261193752288
26,81,0,2.111992597579956,5.442414790979498,9.206292267097313,0.1382948458194732,0.2268969118595123,-0.4486775994300842,0.2185426205396652,0.1213093772530555
26,81,100,2.0779812335968018,8.284293877831368,6.83259647629697,-0.0296953022480011,-0.0689103379845619,-0.8509636521339417,0.2282622754573822,0.1224842071533203
26,81,200,2.0467536449432373,7.847099289095205,7.0974167244897135,0.0628413259983062,-0.0044338591396808,-0.6982666254043579,0.2088089287281036,0.1066521927714347
26,81,300,2.0311851501464844,3.97559628335933,7.734059874916003,0.0247172024101018,0.0282709281891584,-0.6986896991729736,0.218870148062706,0.1285131573677063
26,81,400,2.01604437828064,2.5166959368158004,11.08017769281799,-0.0324895791709423,0.2366577833890915,-0.6242209076881409,0.1765497028827667,0.120176576077938
26,81,500,2.074180603027344,8.232116680859004,6.852056065497721,0.0997044220566749,-0.3537100851535797,-0.9184399843215942,0.3700960576534271,0.0010876994347199
26,81,600,2.1092779636383057,15.27082176378754,3.499770302466832,0.6942435503005981,-0.3140066266059875,-0.2635811865329742,0.2291577905416488,-0.1747235804796219
26,81,700,1.9499657154083248,0.7708762984468258,9.953209417369765,-0.2421381920576095,0.4840361773967743,-0.7012442350387573,0.2129961401224136,0.1236741915345192
26,81,800,1.953185558319092,7.657300377011325,8.927813474714888,0.1519865095615387,0.2374482601881027,-0.4281474947929382,0.1946802288293838,0.1151629090309143
26,81,900,1.9984972476959229,-1.1866029653751404,11.819737824859867,-0.0666852369904518,0.3334835171699524,-0.5988712906837463,0.2078806757926941,0.121274784207344
27,84,0,2.0625040531158447,5.885333735872539,9.579315683858344,0.2242534309625625,0.2662553787231445,-0.3291094303131103,0.2728802263736725,0.1001606285572052
27,84,100,2.0782999992370605,7.562913581552785,7.668351686468659,0.556067705154419,-0.5338506102561951,-0.5380478501319885,0.0667523965239524,0.0776185765862464
27,84,200,2.0311551094055176,6.393336078999436,8.210265491285222,0.3586493134498596,-0.4231239855289459,-0.6736083030700684,0.0690975785255432,0.0581289939582347
27,84,300,1.999950170516968,10.709412825079063,7.999254211668274,0.4604564607143402,0.0276592504233121,-0.2279184013605117,0.3174932599067688,0.0999777093529701
27,84,400,2.000113248825073,8.468320270580048,3.775255582956947,0.259408563375473,-0.210640475153923,-0.6352168321609497,0.3136385083198547,0.0017842581728473
27,84,500,1.998995304107666,7.564302180309898,8.40429863430987,0.5030975341796875,-0.6563747525215149,-0.6629533171653748,0.0668112114071846,0.0568443909287452
27,84,600,2.0128915309906006,8.707191768705101,8.235817677502432,0.4308051466941833,-0.1685141324996948,-0.3952742218971252,0.2729408144950866,0.1142390146851539
27,84,700,2.0154592990875244,11.003664944955087,7.378440395855117,0.3504298329353332,-0.1556785404682159,-0.4738190174102783,0.2520244419574737,0.1021751686930656
27,84,800,1.9932608604431152,8.602997135031531,8.01132254732157,0.2076644003391266,0.4355413615703583,-0.2334528714418411,0.2767216861248016,0.1186612322926521
27,84,900,1.9977400302886963,6.540582052555404,8.94275080636122,0.3496019840240478,-0.118618331849575,-0.4571788311004638,0.2725917994976043,0.1075733378529548
28,87,0,1.99962854385376,12.293237340983426,5.966794972562737,0.3023008406162262,-0.1295443922281265,-0.512065589427948,0.2314652353525161,0.1057698354125022
28,87,100,2.025952100753784,9.909446399380675,6.230918906739896,-0.0050287367776036,0.4364080727100372,-0.4750324785709381,0.3248768150806427,0.1002928614616394
28,87,200,2.030809164047241,12.4887534365785,3.910210341696069,0.2741316258907318,0.0018718985375016,-0.4521827399730682,0.1071957424283027,0.0988017693161964
28,87,300,2.077441930770874,8.190725377313706,6.854521326662816,0.1487905383110046,0.1540955156087875,-0.4887743890285492,0.232045516371727,0.1179900914430618
28,87,400,2.1217153072357178,13.184941249413036,6.156065922618461,0.3657556772232055,-0.1086918339133262,-0.4277515411376953,0.3480790555477142,0.1035875082015991
28,87,500,1.9494826793670648,15.148752393209634,1.680950347133632,0.1951600909233093,0.2370802164077758,-0.398870050907135,0.3341061770915985,-0.0484069399535656
28,87,600,1.9655258655548096,6.780399714667185,5.581130087802599,0.0298643857240676,0.4958561658859253,-0.4006994962692261,0.2974412739276886,0.1089532971382141
28,87,700,2.015662670135498,7.404139359451278,6.308726957319855,0.1945977658033371,0.2091494053602218,-0.4008169174194336,0.2808374464511871,0.1155040115118026
28,87,800,1.924164056777954,11.592519537944993,6.430068038162967,-0.0248482096940279,-0.2078010588884353,-0.9595829844474792,0.3205137848854065,0.0086290929466485
28,87,900,2.0034759044647217,8.086475673293426,6.935789279140625,0.1281720995903015,0.1016647294163703,-0.5444698333740234,0.2719281315803528,0.1044547110795974
29,90,0,2.0850157737731934,14.305337583317511,5.048471286065818,0.2265712916851043,-0.1701630204916,-0.6371424198150635,0.3709019422531128,0.0104099689051508
29,90,100,2.0521130561828613,15.515420760818389,5.166448217073121,0.2618578374385834,-0.1182692199945449,-0.5838620066642761,0.3703973889350891,-0.05178077891469
29,90,200,2.0760650634765625,12.625032379603288,3.486114283925555,0.2427971810102462,-0.1474415957927703,-0.6067616939544678,0.315651386976242,0.0012035333784297
29,90,300,2.0779266357421875,15.034490494022013,1.98100660845147,0.2734177410602569,-0.1302223950624466,-0.5613439083099365,0.3341893851757049,-0.0002779051137622
29,90,400,2.0658438205718994,13.420527368998224,4.402709635043318,0.0120521830394864,0.0964926704764366,-0.6778337955474854,0.2322185635566711,0.1362527459859848
29,90,500,1.9686229228973389,17.894789218531265,0.3612317408997532,0.2136377841234207,0.0423290394246578,-0.4960230886936188,0.3166983127593994,-0.0451469793915748
29,90,600,2.033903121948242,11.834829128787725,4.0604411213894105,0.2015292048454284,-0.0914663597941398,-0.6073864102363586,0.3589077889919281,-0.0172891430556774
29,90,700,2.0135810375213623,14.758942065630125,3.512861001667045,0.0177017506211996,0.1868507266044616,-0.6125837564468384,0.2343916743993759,0.1071607246994972
29,90,800,1.9833481311798096,18.309031331075005,4.006057548798358,0.2396002411842346,-0.067220501601696,-0.5754680037498474,0.2247769981622696,-0.1685779392719268
29,90,900,1.9839277267456048,15.408561364756636,4.645280566342629,0.2357508689165115,-0.1523586213588714,-0.6060895919799805,0.0245994683355093,0.1070963963866233
30,93,0,2.031494617462158,18.720865055516544,2.9706401550018984,0.2010992765426635,0.1896413713693618,-0.3928003311157226,0.1869254261255264,0.166757121682167
30,93,100,2.0157573223114014,15.70516897259107,5.5153493482520135,0.27048459649086,0.1291607618331909,-0.3695070743560791,0.0661618262529373,0.1063508987426757
30,93,200,2.0300395488739014,14.770167061482017,4.172613788632071,0.1032731682062149,0.0365636236965656,-0.612748920917511,0.1066552177071571,0.1097372993826866
30,93,300,1.983469724655152,11.027386337143612,3.9555635631408927,0.3819437325000763,-0.4567653238773346,-0.6783551573753357,0.3464690446853637,-0.0134287904947996
30,93,400,2.0301172733306885,11.571431694385195,6.766421838299147,-0.2378440350294113,0.2845471799373626,-0.8388150334358215,0.2019670009613037,0.0983049124479293
30,93,500,2.1094233989715576,19.049613520026423,3.3051723415750978,0.1984258145093917,0.2102434486150741,-0.3854596614837646,0.2156679183244705,0.1747237592935562
30,93,600,1.938151836395264,14.419717833460362,5.711491320690055,0.5167811512947083,-0.2651634812355041,-0.3736729323863983,0.1352313011884689,0.1002224534749984
30,93,700,1.994207143783569,17.338735144788025,2.5173810188142145,0.2225030809640884,-0.0566482469439506,-0.5471068024635315,0.1156141757965087,0.1104699298739433
30,93,800,1.984307050704956,12.648620186979526,5.805187545035013,0.6021975874900818,-0.2176008224487304,-0.2464577108621597,0.1962032318115234,0.0998125746846199
30,93,900,1.9900903701782229,15.9697245515002,2.3196037311362447,0.3383079767227173,-0.1146313250064849,-0.4720109701156616,0.3515540957450866,-0.0101904114708304
31,96,0,1.9902944564819336,14.01608224212264,4.564569882220143,0.2231507003307342,0.1814354509115219,-0.3855641186237335,0.1006283015012741,0.1004859209060669
31,96,100,1.9533510208129885,13.352248343747652,0.8983629634321965,0.360361784696579,-0.2671016156673431,-0.5603893399238586,0.335275799036026,-0.0040962737984955
31,96,200,1.9527103900909424,11.548856190761205,3.4101557422501143,-0.1436419039964676,0.3334877789020538,-0.7084929347038269,0.1924360245466232,0.0924124717712402
31,96,300,2.1253108978271484,15.855202622480425,4.670362979836074,0.2923482954502105,0.0768078416585922,-0.4183345139026642,0.2464610636234283,-0.1874322891235351
31,96,400,2.1090450286865234,14.516289913280769,4.3202186571357,0.3820825815200805,-0.2194999009370803,-0.514519989490509,0.2407342195510864,-0.1635362058877945
31,96,500,2.113828182220459,9.079927389432298,4.783673501106424,0.4922689199447632,-0.1177785918116569,-0.3031581938266754,0.1635681986808776,0.1019159629940986
31,96,600,2.0552752017974854,10.810888167533191,6.588867912095299,-0.2536723613739013,0.3612865209579468,-0.807074785232544,0.1771366894245147,0.0921258181333541
31,96,700,2.00207781791687,15.26767773159386,4.224444712053716,-0.0775309950113296,0.2281419187784195,-0.6932917833328247,0.1921539455652237,0.1012499630451202
31,96,800,2.017820119857788,12.576016679150245,5.563802609146384,0.5102797150611877,-0.2408695816993713,-0.3606808483600616,0.1555826663970947,0.0973113998770713
31,96,900,1.9869191646575928,15.10719230128294,4.378993523261494,0.0506572760641574,0.0698068141937255,-0.6677983403205872,0.3531433939933777,0.0147618371993303
32,99,0,2.058753728866577,17.34762577743417,5.184146450892291,0.047370821237564,0.0106055261567235,-0.7019094228744507,0.0744967311620712,0.0845767632126808
32,99,100,2.100794792175293,16.734407219113837,5.238709486260287,0.2613021433353424,-0.0223421975970268,-0.4704731702804565,0.053862065076828,0.1103259921073913
32,99,200,2.0965404510498047,20.88830832752761,3.446874494016316,0.1473631411790847,0.1082812920212745,-0.5162378549575806,-0.0803050771355629,0.1090224757790565
32,99,300,2.015639543533325,14.93780056044822,4.221134737592554,0.4136192202568054,-0.4555184245109558,-0.6468844413757324,0.2934677004814148,-0.0188878681510686
32,99,400,2.0312204360961914,15.225685061640778,5.316125892502395,0.0620457679033279,-0.0207678396254777,-0.6970444321632385,0.2424003630876541,0.1219727024435997
32,99,500,2.0316362380981445,11.876931404337675,6.520561532542675,-0.0880442634224891,0.3219146430492401,-0.6337326169013977,0.0791749507188797,0.0934920758008956
32,99,600,2.042742252349853,18.301782403866888,4.031900033939855,0.0832303389906883,0.019190713763237,-0.6932574510574341,0.2562695443630218,-0.1947550028562545
32,99,700,1.9841525554656985,14.098830268433716,4.857665320666548,0.1922647207975387,0.1750815212726593,-0.4237329959869385,0.0799617543816566,0.110625222325325
32,99,800,1.9364676475524905,9.543040764101873,5.861694763019132,0.0971318930387497,0.1251589655876159,-0.5609315633773804,0.1038756445050239,0.0986141562461853
32,99,900,1.9530737400054927,11.427312084554025,3.1181478041592534,0.4131905734539032,-0.3901399970054626,-0.6018335223197937,0.3489636182785034,-0.0084100738167762
33,102,0,2.03130841255188,20.10302971817755,2.627942868298746,-0.0978922545909881,0.0279407314956188,-0.8581356406211853,0.409256249666214,0.0883356258273124
33,102,100,1.9983911514282229,16.587680311459543,5.206058603928347,0.6812584400177002,-0.2295188903808593,-0.1747546195983886,0.1886622458696365,0.1024131029844284
33,102,200,2.015327453613281,17.612296898610847,3.9705233407918494,-0.1339104920625686,0.9743530750274658,-0.3208060562610626,0.4002106189727783,-0.0915362536907196
33,102,300,2.1406641006469727,13.310351552001435,5.136166338270379,0.4697628319263458,0.0168450511991977,-0.2243904173374176,0.134796142578125,0.0985658168792724
33,102,400,2.139621019363404,18.78240162425177,2.3904067935394284,0.0363125465810298,0.2965668439865112,-0.5106931924819946,-0.0557869672775268,0.1164967268705368
33,102,500,1.983526945114136,6.46793385049774,5.8560749703403605,0.0243613310158252,0.2905595898628235,-0.5288503766059875,0.090975098311901,0.1006582975387573
33,102,600,2.0972208976745605,13.37074591992808,4.234315903897842,0.466110348701477,-0.2972849905490875,-0.4850580096244812,0.2900429964065552,-0.1698937118053436
33,102,700,2.1393163204193115,12.11874120509274,4.739846249403264,0.3438884019851684,-0.2414030879735946,-0.5908824801445007,0.2633848190307617,-0.1789147704839706
33,102,800,2.0635433197021484,14.286355445871934,5.373008732403102,0.2965467274188995,-0.1656032502651214,-0.5453657507896423,0.0667632296681404,0.0880466923117637
33,102,900,2.0158016681671143,12.889690193757492,3.104139188860697,-0.1507284939289093,0.3658504486083984,-0.6789208054542542,0.2150201499462127,0.1395854651927948
34,105,0,2.0001091957092285,11.386582516956,7.606636400627195,-0.142954021692276,0.5281202793121338,-0.5636487007141113,0.1359914243221283,0.1206955835223198
34,105,100,2.1406455039978027,16.015400724626943,4.628923554022414,0.2530739903450012,-0.1610464006662368,-0.5881244540214539,0.0805826559662818,0.0826552435755729
34,105,200,2.140071153640747,12.168940074538154,1.8788692954935988,-0.0642930045723915,0.3059670627117157,-0.6226171255111694,0.2383462637662887,0.1114551126956939
34,105,300,2.045339107513428,2.5177514082965047,10.095162980591612,-0.1531042754650116,0.4545259177684784,-0.6197192668914795,0.1977173388004303,0.1162970140576362
34,105,400,2.1079118251800537,13.379406150733557,5.050840480492484,0.0429768823087215,0.1934459954500198,-0.5740845799446106,0.1576393991708755,0.1212440505623817
34,105,500,2.093468427658081,7.432739573277896,7.966635343087531,-0.0376178808510303,0.3125339448451996,-0.5793607234954834,0.0461799949407577,0.1054469048976898
34,105,600,2.107877254486084,8.511171162946109,7.76680665340454,-0.1653034836053848,0.3786188960075378,-0.70000821352005,0.1254236549139022,0.1020910516381263
34,105,700,2.0778489112854004,15.808727764407136,5.341160673319747,0.1887647807598114,0.0383536182343959,-0.5191932916641235,0.0043764100410044,0.1067923158407211
34,105,800,2.088259220123291,14.467779548517598,5.398419707327441,-0.2208488434553146,0.255242109298706,-0.8393208384513855,0.2373316138982772,0.1014451533555984
34,105,900,2.0158870220184326,3.738815674100199,6.777619332060366,-0.1541957706212997,0.3837044835090637,-0.6756049990653992,0.2229524701833725,0.1268728673458099
35,108,0,2.119574069976806,14.389483607613236,2.663653118727142,0.3891283571720123,-0.3196180164813995,-0.5323653817176819,0.0540694519877433,0.1756012588739395
35,108,100,2.0468080043792725,3.8513768739320815,7.231268368883297,-0.1063726097345352,0.3054653108119964,-0.6705694794654846,0.2067542374134063,0.1344212293624878
35,108,200,2.1719210147857666,9.065822143946315,8.437320794257388,-0.0940253585577011,0.349463403224945,-0.6198703646659851,0.1185559704899787,0.1188476905226707
35,108,300,2.0779194831848145,13.235065274165796,5.539822111627026,0.1503650397062301,0.0559498853981494,-0.5538836717605591,0.2208957225084304,0.0509392358362674
35,108,400,2.062494993209839,3.242723983261844,10.040328195125811,-0.0777109786868095,0.1565838605165481,-0.7337671518325806,0.1859339624643325,0.1266488283872604
35,108,500,2.1342289447784424,6.401902169576697,8.602082144080608,-0.0904466584324836,0.3531064391136169,-0.6141462326049805,0.0853136181831359,0.0960011631250381
35,108,600,2.2031354904174805,13.10279356660457,5.937782295254499,-0.0586236976087093,0.2766954302787781,-0.6343942880630493,0.0368821173906326,0.0950184985995292
35,108,700,2.059892416000366,6.695000746267787,6.774138052639546,-0.0441388562321662,0.1932564675807953,-0.6698155403137207,0.2065508216619491,0.1365694105625152
35,108,800,2.1150503158569336,11.320987471679333,5.565679056387045,0.337222695350647,-0.1747829020023346,-0.5081049799919128,0.1881363540887832,0.0699979588389396
35,108,900,2.1039061546325684,9.534108015333988,7.2029887241809165,-0.0942783206701278,0.3275470733642578,-0.6444956064224243,0.0972672030329704,0.0896007716655731
36,111,0,2.130388259887696,17.96208226318027,4.192830178277214,0.1504375636577606,0.469418853521347,-0.2863512337207794,0.325832337141037,0.1069468036293983
36,111,100,2.1085314750671387,13.314952901543595,5.558470931721342,0.251670241355896,-0.0056928102858364,-0.4799237847328186,0.2145594507455825,0.0493706278502941
36,111,200,2.1405134201049805,11.646429391730637,6.8526751526967695,-0.158626914024353,0.57421875,-0.5593251585960388,0.1389322429895401,0.1093350201845169
36,111,300,2.093756675720215,5.996527381336712,7.663479026654802,-0.1976359039545059,0.4572082757949829,-0.6680221557617188,0.198428064584732,0.1349834203720092
36,111,400,2.2026023864746094,8.306152237425037,7.446306745543501,-0.0390334725379943,0.1304978281259536,-0.7019625902175903,0.1716044694185257,0.1390141099691391
36,111,500,2.10921597480774,4.653154098759771,9.093925035889717,-0.0364872142672538,0.2565915882587433,-0.6182553768157959,0.1917291581630706,0.1171576827764511
36,111,600,2.10925555229187,12.94837499639078,3.359514042147659,0.1936153173446655,-0.013627148233354,-0.5947691798210144,0.330579936504364,-0.1885198652744293
36,111,700,2.124847650527954,12.328351220262425,1.8224047069231184,0.0828206688165664,0.2938843369483948,-0.4719325602054596,0.1025612875819206,0.0973982810974121
36,111,800,2.015510082244873,17.559676408429695,3.6868308458090016,0.2612448334693908,-0.1356001794338226,-0.5438535809516907,0.0745997577905654,0.2011676281690597
36,111,900,2.017843008041382,14.540291237445976,5.414303456113095,0.1913328319787979,0.0307465959340333,-0.5266009569168091,0.2380587756633758,0.047880046069622
37,114,0,2.1252691745758057,9.611155690806376,5.983743884489529,0.4736258089542389,-0.2772812247276306,-0.4342043697834015,0.2509126961231231,0.0556769259274005
37,114,100,2.2183094024658203,9.435215846398943,6.432128386230724,0.3619856238365173,-0.2319928854703903,-0.5186892151832581,0.1771588623523712,0.0641834437847137
37,114,200,2.14065933227539,12.0590671603652,3.034805755774569,0.3893916606903076,0.0703072547912597,-0.2692973613739013,0.1513236314058303,0.0970958471298217
37,114,300,2.1721506118774414,11.8877608821031,6.377921158957144,0.576360285282135,-0.161928653717041,-0.2365573346614837,0.1242654919624328,0.1079707890748977
37,114,400,2.1070597171783447,14.604684278307934,1.126292416008134,0.3518218696117401,-0.3566240668296814,-0.5958178043365479,0.0185160748660564,0.1945946365594864
37,114,500,2.0898706912994385,13.69080846485507,3.2057489357761177,0.4093612432479858,-0.1028286963701248,-0.4118538796901703,0.2596587836742401,-0.1677676439285278
37,114,600,2.0783040523529053,12.387146714411251,3.2541631767164514,0.4661549031734466,-0.4985903203487396,-0.6069580912590027,0.3130578100681305,-0.0053741885349154
37,114,700,2.095864772796631,13.2791196740132,5.819074552519827,0.3074851930141449,0.3709877133369446,-0.170399010181427,0.1724637001752853,0.1069362014532089
37,114,800,2.099799633026123,8.266936488170979,7.1244768864335954,-0.1046654060482978,0.1435447335243225,-0.7695215344429016,0.2040731310844421,0.1195938512682914
37,114,900,2.1248669624328613,9.47054263570396,6.671393934718247,0.0241137444972991,0.3129036724567413,-0.5106228590011597,0.0572148747742176,0.1074477285146713
38,117,0,2.1407017707824707,14.228116096210371,4.261718391011285,0.1512031257152557,-0.033518373966217,-0.6084203720092773,0.0550619848072528,0.0876648053526878
38,117,100,2.1241395473480225,12.52820705061288,5.33032488580658,0.0477362796664238,0.0725099369883537,-0.6529778838157654,0.196175143122673,0.1245508641004562
38,117,200,2.15626859664917,15.051236697478966,5.06533096078854,0.3548167049884796,0.0809333100914955,-0.3109709024429321,0.2283269762992859,0.0562351234257221
38,117,300,2.2201507091522217,14.35395145070096,4.470054881522554,0.1955776065587997,0.1259375214576721,-0.4988307654857635,0.2897790074348449,-0.196781039237976
38,117,400,2.140577793121338,15.267181234030298,4.98793633801256,0.4010098576545715,-0.0883040130138397,-0.4073588848114013,0.2432054281234741,-0.190553143620491
38,117,500,2.1560420989990234,12.34069139962485,5.277519366125915,0.5638203620910645,0.0029036363121122,-0.1370161771774292,0.2051802277565002,0.1072330474853515
38,117,600,2.093947410583496,13.42658318415784,3.093119285918952,0.0282137170433998,0.3417114615440368,-0.5034235119819641,0.0646502003073692,0.0943938866257667
38,117,700,2.0527660846710205,16.673791843633325,4.760479632242959,0.4789449274539947,-0.4459314942359924,-0.5827345848083496,0.2234313338994979,-0.1889972686767578
38,117,800,2.046590805053711,7.377307041582974,4.25525760926704,-0.0709495767951011,0.2889102399349212,-0.6374315619468689,0.2324669361114502,0.1218964159488678
38,117,900,2.0346269607543945,11.198940026232314,5.695109094737427,0.4219123423099518,-0.2918524146080017,-0.4963982105255127,0.0787904560565948,0.0916822925209999
39,120,0,2.109527349472046,17.892238325586977,3.4319001922673595,0.2290145605802536,0.2231903374195099,-0.3456967771053314,0.148906335234642,0.1793596148490905
39,120,100,2.124753475189209,10.946686309353224,4.946570554275891,0.3369701504707336,-0.028394341468811,-0.4041652679443359,0.1310752481222152,0.1009305939078331
39,120,200,2.112107038497925,10.44519344788492,6.653722986312682,0.2058500796556472,-0.0501749217510223,-0.5585745573043823,0.0545373372733593,0.108155719935894
39,120,300,2.1010608673095703,13.767562659321444,4.967885419944791,0.1164829954504966,0.2127241790294647,-0.486001044511795,0.2331060618162155,0.1203849017620086
39,120,400,2.0939319133758545,9.288830093834887,7.54702223915476,0.3364785015583038,0.0644620507955551,-0.3347181379795074,0.074728175997734,0.1022523939609527
39,120,500,2.124806404113769,8.035134280608958,7.4472982076492125,0.4184022843837738,0.0085876621305942,-0.278879851102829,0.1079060658812522,0.1038490906357765
39,120,600,2.157599687576294,7.600243935561229,7.987515826176314,0.2987159788608551,0.0231833346188068,-0.4116274118423462,0.0697366371750831,0.1019694805145263
39,120,700,2.1609861850738525,6.647872120908861,7.307260492641055,0.127402052283287,0.0776868686079979,-0.5644986629486084,0.0715867802500724,0.0955338329076767
39,120,800,2.1471729278564453,10.32368563440328,2.94599206328062,0.2589359879493713,-0.1178144067525863,-0.5495840907096863,0.2436950355768203,0.0645743682980537
39,120,900,2.110357522964477,10.348319923714064,4.732227945008824,-0.004618564620614,0.2826298177242279,-0.5680122971534729,0.2207048386335373,0.1215222999453544
40,123,0,2.111809253692627,14.329853757506896,3.9395146486724553,0.3859713971614837,0.0591106303036212,-0.3156746625900268,0.1144355088472366,-0.0064217564649879
40,123,100,2.1094183921813965,11.24332015551374,4.434222920396682,0.3852653205394745,0.0046732788905501,-0.3166830539703369,0.1089359745383262,0.1121002584695816
40,123,200,2.168363332748413,13.438104769038482,4.18269560969461,0.5820772647857666,-0.3350046277046203,-0.3638851046562195,0.2489568293094635,0.0663011893630027
40,123,300,2.138446569442749,11.790973569472312,5.71272949329896,0.4867616593837738,-0.3676598966121673,-0.4770699143409729,0.0855608209967613,0.0982316210865974
40,123,400,2.1102473735809326,13.24473489010478,2.865356291810597,0.3223432302474975,-0.0715942904353141,-0.4476672708988189,0.0652345046401023,0.1800578236579895
40,123,500,2.141077041625977,9.062049783715109,3.794702491595694,-0.2036644667387008,0.3147100806236267,-0.7799500823020935,0.1832995265722274,0.0976000502705574
40,123,600,2.155529737472534,14.939014536480284,5.58058021553361,0.317667156457901,0.0639439150691032,-0.3624155819416046,0.2718468904495239,0.1225754842162132
40,123,700,2.094076871871948,10.288995339912349,4.974848857868402,-0.2817446291446686,0.4107654392719269,-0.8080565929412842,0.211797297000885,0.0817156359553337
40,123,800,2.062934398651123,13.695717400994312,5.735478549598205,0.1634889096021652,0.2022721022367477,-0.4464742243289947,0.2344454973936081,0.0505600608885288
40,123,900,2.124953508377075,9.527088540887767,7.377318690065008,0.4203101396560669,-0.104016289114952,-0.3606362044811249,0.0923107862472534,0.0976149067282676
41,126,0,2.0442452430725098,6.957280145156231,7.807735630371969,0.0577799640595912,0.3003590703010559,-0.477704793214798,0.056338645517826,0.1059598252177238
41,126,100,2.06249475479126,13.853242645202982,4.810692316256241,0.2885333895683288,-0.0018143214983865,-0.447871446609497,0.1083126440644264,0.0034196767956018
41,126,200,2.140671730041504,12.50805204105592,3.915982959396711,0.2703652381896972,-0.1884415745735168,-0.6005250215530396,0.3915463984012604,-0.0103153483942151
41,126,300,2.172868251800537,6.631576344084486,7.827079461071368,0.2553960680961609,0.0869685560464859,-0.4172588884830475,0.0845477059483528,0.1022155582904815
41,126,400,2.1350767612457275,11.837077926430004,6.463877845644928,0.3443048894405365,0.1586872190237045,-0.2566173374652862,0.0757971107959747,0.1042789071798324
41,126,500,2.191967010498047,9.372426663232948,7.172204742754632,0.4315954446792602,-0.1092280521988868,-0.3534205257892608,0.1111261174082756,0.0972355902194976
41,126,600,2.187587261199951,11.392702259250015,3.934832729492286,0.4480230510234833,-0.2470202296972274,-0.4258303940296173,0.0608973950147628,0.18358214199543
41,126,700,2.0820343494415283,8.431946059576077,4.886439601815951,0.176957681775093,0.1337364166975021,-0.4678221940994262,0.0984513536095619,0.1066512018442154
41,126,800,2.103511095046997,12.910517756799512,5.419866940179721,0.1823257505893707,-0.0350753813982009,-0.5794276595115662,0.2081101834774017,0.0511710196733474
41,126,900,2.120347738265991,13.570115285353577,1.028089422601593,0.2114522457122802,0.140590026974678,-0.4326860010623932,0.1551569402217865,0.0216303914785385
42,129,0,2.0518484115600586,15.595165942189514,3.9489936164012143,0.145956888794899,0.0179966147989034,-0.5962650775909424,0.1809976547956466,-0.0070166909135878
42,129,100,2.0919246673583984,7.908195471471917,7.212707072400847,0.2405343949794769,0.0011672662803903,-0.4828199446201324,0.0717992186546325,0.0943025797605514
42,129,200,2.109166622161865,11.716012529082814,4.340551615328439,0.3458971977233886,-0.1033391058444976,-0.4626083672046661,0.1280328631401062,0.0003148304822389
42,129,300,2.218573808670044,7.317642041744703,6.04103713854062,0.4900621771812439,-0.0051800836808979,-0.2249845713376999,0.1719149798154831,0.1151612475514411
42,129,400,2.1249494552612305,12.09515546529463,2.5649976550057865,0.4114361107349396,-0.4213468730449676,-0.6063209772109985,0.3605380654335022,-0.0078042945824563
42,129,500,2.1121625900268555,11.18584847878318,6.470670785100909,0.4891623556613922,0.1470614671707153,-0.119682565331459,0.2113485932350158,0.1160535141825676
42,129,600,2.089704751968384,9.513896641874352,3.209188915802204,0.3739003837108612,0.0477740354835987,-0.3031484484672546,0.1498879343271255,0.1037641838192939
42,129,700,2.12952184677124,9.14309325974575,4.018400409798996,0.3321161270141601,-0.1959040760993957,-0.5390160083770752,0.2369474321603775,0.0628684163093566
42,129,800,2.0685718059539795,15.62899004314446,5.158877795520179,0.4934018850326538,-0.2247207462787628,-0.3824804723262787,0.1102881282567977,0.0873481482267379
42,129,900,2.0624682903289795,5.105596470249424,6.733678595576544,0.50202476978302,-0.02220387943089,-0.2216789871454239,0.169815644621849,0.1092698946595192
43,132,0,2.046833038330078,12.228102733475684,2.871167073145699,0.066474936902523,0.3043252825736999,-0.4798116683959961,0.1637106984853744,0.0060146716423332
43,132,100,2.078319549560547,11.484646488304024,2.1602572485199367,0.172253280878067,-0.001428683521226,-0.5766440033912659,0.3247677087783813,-0.0228529255837202
43,132,200,2.220872402191162,9.813028658907568,5.5160280215283,0.5421277284622192,-0.0839214399456977,-0.2207711786031723,0.154778391122818,0.1260326206684112
43,132,300,2.138951301574707,12.50930909894686,2.5429234052253937,0.3248090744018554,-0.1487250626087188,-0.513043224811554,0.3254137933254242,-0.0413470342755317
43,132,400,2.0935728549957275,7.452607667445322,4.024200279256896,0.4516681432723999,0.0205831751227378,-0.2536133527755737,0.1733645796775818,0.1077486723661422
43,132,500,2.1406359672546387,12.533497497182204,1.6742682071198538,0.6757786273956299,-0.0068840687163174,-0.0273596327751874,0.234131172299385,0.1328149735927581
43,132,600,2.125850915908813,9.618851091841307,4.664495102045217,0.445363312959671,-0.0086648883298039,-0.2705749273300171,0.1722825318574905,0.1276314258575439
43,132,700,2.241133213043213,11.740522905444486,3.6077741048978496,0.3574929535388946,-0.1991013884544372,-0.539371907711029,0.265305757522583,-0.1871196180582046
43,132,800,2.1096537113189697,11.59997685410711,3.2397392462964145,0.391335129737854,0.1340036690235138,-0.2393450289964676,0.1447755396366119,0.1107471361756324
43,132,900,2.064253807067871,13.105336925371008,4.198399034999301,0.141264334321022,-0.051297839730978,-0.6584094762802124,0.308748334646225,-0.0314141325652599
44,135,0,2.062659502029419,13.3734368337007,3.974982966803207,0.446870356798172,-0.1856190860271453,-0.4418273866176605,0.263723075389862,-0.2035539597272873
44,135,100,2.1480040550231934,11.7747230614274,4.242473955199188,0.3999640643596649,-0.1202929615974426,-0.4048525989055633,0.1575567722320556,0.0081433523446321
44,135,200,2.206912040710449,13.984036972354732,3.621619243426483,-0.3304055631160736,0.5707036852836609,-0.756624162197113,0.2556794881820678,0.0513348057866096
44,135,300,2.186364889144897,14.82624306522617,3.8496064984106018,0.246948093175888,0.4301646947860718,-0.1820535957813263,0.0019379064906388,0.2117888331413269
44,135,400,2.106265068054199,10.52190161927899,4.443568067021487,0.3289941251277923,-0.173271507024765,-0.5181716084480286,0.2106010168790817,0.0477976724505424
44,135,500,2.10935115814209,10.556152915652124,3.730296987775336,0.0146601153537631,0.0882173255085945,-0.6741623282432556,0.2284702956676483,0.1246780008077621
44,135,600,2.156137704849243,14.642871136985868,3.425618105401141,0.2098921835422516,0.5969754457473755,-0.161350205540657,0.3704321980476379,-0.1027509272098541
44,135,700,2.07773232460022,14.751927772668422,4.36868568246296,0.4572089612483978,-0.0315901152789592,-0.2663021385669708,0.14956034719944,0.1497064381837844
44,135,800,2.008730411529541,13.7077674511087,4.397173625084258,0.3375331163406372,0.2991621792316437,-0.1754499971866607,0.1627219021320343,0.1125117763876915
44,135,900,2.0799808502197266,11.509706789634189,2.115598875314603,0.4264150559902191,-0.1642679125070572,-0.4127570688724518,0.1358879506587982,0.0061675123870372
45,138,0,2.1519548892974854,16.506882265469784,4.653981723749881,0.6483955383300781,-0.1659735143184662,-0.1665626317262649,0.1654304713010788,0.0694958344101905
45,138,100,2.2526636123657227,13.258290690459935,3.1917671416374453,0.5643338561058044,-0.4344309866428375,-0.4604445099830627,0.134805828332901,-0.0146700264886021
45,138,200,2.124008178710937,14.432770393552977,4.023689898466936,0.4254117012023926,-0.082474485039711,-0.3575786054134369,0.1252699047327041,-0.0374275632202625
45,138,300,2.147144079208374,9.852498269567745,4.940956119581393,0.0938913226127624,0.0987278595566749,-0.6096853613853455,0.3274330794811249,-0.0427837446331977
45,138,400,2.125106811523437,13.505535634579989,0.6419543349759029,0.5447275042533875,-0.0980744510889053,-0.2176782786846161,0.0619364790618419,0.1834078878164291
45,138,500,2.029985189437866,11.756086722669814,4.90826786793497,0.0758072584867477,-0.0183511134237051,-0.6869228482246399,0.2335630059242248,0.101681001484394
45,138,600,2.047181844711304,14.00081741865899,3.6553552279004338,0.2705798149108886,-0.212130457162857,-0.5825539827346802,0.0121952705085277,0.1601966768503189
45,138,700,2.0513086318969727,14.052740791975378,3.673729701595781,0.3068186938762665,-0.1125400960445404,-0.4998778402805328,0.1816155761480331,0.040931973606348
45,138,800,2.14068603515625,11.775980998762169,3.2491685902766267,0.302412748336792,0.0089439703151583,-0.4226569235324859,0.1603451520204544,0.0123573448508977
45,138,900,2.134959936141968,11.269801754572525,4.772677165818307,0.25322425365448,-0.05886897072196,-0.5146223902702332,0.199281558394432,0.0234531685709953
46,141,0,2.135436534881592,10.06547118182624,4.527947779084924,0.157993197441101,-0.0584795288741588,-0.6341387629508972,0.3226366639137268,-0.030889680609107
46,141,100,2.158632755279541,12.372237888812116,4.700378845835911,0.3029632270336151,-0.1540327966213226,-0.5326384902000427,0.1655070632696151,0.0170507822185754
46,141,200,2.1895134449005127,10.125063279947286,4.666484835019453,0.4032141268253326,0.1597069650888443,-0.2035202533006668,0.1636622548103332,0.1054032370448112
46,141,300,2.144636392593384,11.604539620721969,4.68906145229861,0.5495732426643372,-0.4330295920372009,-0.4981994032859802,0.2677560746669769,-0.1983122676610946
46,141,400,2.140965700149536,12.461394271382508,5.472877663133531,0.4744384884834289,-0.2882229685783386,-0.4199054539203644,0.0914708524942398,0.1392837315797805
46,141,500,2.12469744682312,11.11862113169008,2.8800884730304284,0.1895219385623932,0.0034209825098514,-0.5545997023582458,0.3295721709728241,-0.0331187434494495
46,141,600,2.0156211853027344,13.280399910632818,2.481110674393024,-0.0409604869782924,0.09602852165699,-0.7338346838951111,0.1686621606349945,0.1122572124004364
46,141,700,2.109278678894043,8.085169505901968,3.847292537942444,-0.0363881848752498,0.1841080337762832,-0.6686375141143799,0.2316430956125259,0.1248778998851776
46,141,800,2.094148874282837,10.876638082937266,3.438991598562225,0.2207431048154831,0.0264917518943548,-0.5038910508155823,0.1838179677724838,0.0227132886648178
46,141,900,2.0779242515563965,11.102515232528832,5.317773148572892,0.6420046091079712,-0.2460857927799224,-0.2335849404335022,0.1690947413444519,0.093344047665596
47,144,0,2.1230156421661377,8.857297566719135,4.19823658452615,0.2463294714689254,-0.0387957096099853,-0.4998529255390167,0.1052114441990852,0.1383102834224701
47,144,100,2.1169233322143555,12.947211133830711,5.168648445555328,0.2810820341110229,0.0596770942211151,-0.421752393245697,0.1695079505443573,-0.0258849449455738
47,144,200,2.088018655776977,12.25734856533611,4.661765968599132,0.0450930558145046,0.2225830256938934,-0.5833600759506226,0.3355554938316345,-0.0588916838169097
47,144,300,2.064157247543335,12.651356512688254,2.4675881046331942,0.5633366703987122,-0.6651941537857056,-0.6122103333473206,0.0352226123213768,0.0933086276054382
47,144,400,2.080521583557129,10.646616865690408,2.726517784007436,0.4726532995700836,-0.0269118957221508,-0.2507603764533996,0.1905960738658905,0.1021927893161773
47,144,500,2.125197172164917,12.48709223368532,4.061221422175676,0.5191627144813538,0.0145780555903911,-0.1740933805704116,0.1530822962522506,0.1214505583047866
47,144,600,2.140472412109375,15.407881045030154,3.828789549348968,0.4398946166038513,-0.2323421686887741,-0.4424667060375213,0.1699497699737548,0.0357543677091598
47,144,700,2.127642869949341,11.865918604929815,4.037335420674607,0.0219167992472648,0.1119097620248794,-0.6398497819900513,0.2254983186721801,0.1418800950050354
47,144,800,2.0781021118164062,11.397324081492702,4.59638292026327,0.5456655025482178,-0.201320931315422,-0.2954178750514984,0.16083325445652,0.09694354981184
47,144,900,2.156536340713501,11.531599042060709,4.192332399084344,0.5139037370681763,-0.100472867488861,-0.2540397644042969,0.1489988714456558,0.1218874603509903
48,147,0,2.1939022541046143,11.863426375923652,10.80567238772609,-0.0871750861406326,0.5327816605567932,-0.4815550446510315,0.1066401824355125,0.2337003946304321
48,147,100,2.1168360710144043,17.339438387295676,7.791902788773448,0.3773684203624725,-0.1489694416522979,-0.4481209218502044,0.1025955379009246,0.0176276620477437
48,147,200,2.1408956050872803,17.19733857643805,9.435624382660418,-0.0697647184133529,0.4231387078762054,-0.5261702537536621,0.1131920218467712,0.2804136276245117
48,147,300,2.137838840484619,14.138417087910373,2.952396917222318,0.0655884221196174,0.3139156699180603,-0.4739380478858948,0.1118832901120185,0.0958084389567375
48,147,400,2.1222500801086426,10.527413249537544,11.177393441065318,-0.0108948163688182,0.3930408358573913,-0.4865522384643554,0.0640770122408866,0.2388768941164016
48,147,500,2.0982229709625244,13.366673173177572,6.370806917379728,0.3611415326595306,0.0399740114808082,-0.3137870132923126,0.1634557247161865,0.2442502677440643
48,147,600,2.1093859672546387,17.72296651044363,7.715795689139519,-0.073600135743618,0.2778280675411224,-0.6436920762062073,0.1837409436702728,0.1386998742818832
48,147,700,2.0322580337524414,21.789121766794324,8.071096038723283,-0.0591422729194164,0.3415935039520263,-0.5810908675193787,0.029511984437704,0.2559908628463745
48,147,800,2.132096767425537,15.113203306131837,7.955724191413124,-0.1426352113485336,0.2892730832099914,-0.7376316785812378,0.2120099365711212,0.0511301271617412
48,147,900,2.093698501586914,19.45768224636251,8.050159817851897,0.4174583256244659,-0.2961736023426056,-0.5078971982002258,0.1143862307071685,0.0017671571113169
49,150,0,2.12598729133606,14.561500505966572,8.155900448191513,0.2445054203271865,-0.221439778804779,-0.6638754606246948,0.3271631598472595,-0.0255492627620697
49,150,100,2.0937891006469727,15.499767802261267,7.34793216917992,0.3924375176429748,-0.0373280011117458,-0.3218315243721008,0.1759420782327652,0.2598771750926971
49,150,200,2.175211191177368,15.45950270824143,9.100832676210022,0.2213557809591293,-0.1926625072956085,-0.6676324605941772,0.3107357919216156,0.0115645332261919
49,150,300,2.1559319496154785,14.01220348407551,7.926850903917503,-0.0906077399849891,0.194894328713417,-0.7435261011123657,0.2158337384462356,0.0657338798046112
49,150,400,2.190309762954712,16.81026479733208,8.580486319804322,0.3228785395622253,-0.2588330805301666,-0.5924057960510254,0.325498104095459,0.0252721663564443
49,150,500,2.1406288146972656,14.965947325739553,7.433309218610741,0.1846160888671875,-0.0775255262851715,-0.6213266253471375,0.3098652064800262,0.069505862891674
49,150,600,2.077942609786988,4.162549387727772,12.313389278745476,-0.0837844610214233,0.4348281621932983,-0.5430644154548645,0.093118704855442,0.2519347667694092
49,150,700,2.047969341278076,7.112895296674626,11.369250919710884,-0.0428257957100868,0.3832386136054992,-0.5329763889312744,0.0793071687221527,0.2615437507629394
49,150,800,2.093711853027344,16.764544712127,7.53444453312963,0.2731965184211731,0.208028182387352,-0.2994039058685303,-0.0244334992021322,0.2286672890186309
49,150,900,2.1093850135803223,14.657769728747246,6.538090474855075,0.4704245030879974,-0.3001239597797394,-0.4616194069385528,0.1241287589073181,-0.0096565103158354
50,153,0,2.159655332565308,13.990869070661136,8.848190380389498,-0.1477133482694625,0.4255209267139435,-0.6485279202461243,0.2216820120811462,0.1436556577682495
50,153,100,2.200746297836304,19.65273601810832,8.431171357279403,-0.103955827653408,0.3396913111209869,-0.626603901386261,0.0698000267148017,0.2234833836555481
50,153,200,2.120078086853028,11.356407042163768,10.61790311611701,-0.1014822497963905,0.512429416179657,-0.5137162804603577,0.1043400764465332,0.2297575175762176
50,153,300,2.100834846496582,12.7371454431185,6.343747042271811,0.147804707288742,-0.0896045118570327,-0.654626727104187,0.2989795506000519,0.0424222014844417
50,153,400,2.171954393386841,18.14651320659637,9.01574283214748,-0.1163734570145607,0.5610288977622986,-0.5079429149627686,0.076548658311367,0.2329237461090088
50,153,500,2.2498741149902344,17.33597157259717,6.949782983421774,0.2019353359937667,-0.016363937407732,-0.5872159600257874,0.2857444882392883,-0.2043876945972442
50,153,600,2.0466554164886475,16.298380316411006,4.941051336127382,0.2043803483247757,0.1601720750331878,-0.4269804358482361,0.1802114397287368,0.0068355305120348
50,153,700,2.1042473316192627,17.497231635155362,7.783057054998141,0.3679327666759491,-0.293051928281784,-0.5463415384292603,0.0315861441195011,0.1008470654487609
50,153,800,2.0759072303771973,16.0526889315014,2.129770673798327,0.2661157548427582,-0.1176915243268013,-0.5551774501800537,0.3236645460128784,0.0014074934879317
50,153,900,2.0631103515625,16.365148675165187,8.409069655675793,-0.0784804970026016,0.2802690267562866,-0.6727160215377808,0.2936061918735504,-0.0123948119580745
51,156,0,2.1511058807373047,17.581513022778786,7.0210778196106505,-0.1737931817770004,0.2309582531452179,-0.8034599423408508,-0.0102301584556698,0.0628851950168609
51,156,100,2.109358072280884,15.370064326340032,4.183983042146799,0.2198129147291183,0.0364822372794151,-0.4825046360492706,0.0804918110370636,0.1326862871646881
51,156,200,2.14038610458374,15.131019708113882,8.853793473056898,0.2735876142978668,-0.0524635128676891,-0.4868306815624237,0.1979395747184753,0.1466678828001022
51,156,300,2.150923013687134,14.863748392825094,4.627410051016231,0.3442632257938385,-0.2624393403530121,-0.5816056728363037,0.3226149380207062,-0.0738350600004196
51,156,400,2.156235933303833,12.796037706141789,7.107090493960934,0.2602041065692901,-0.2403317093849182,-0.6490488648414612,0.3383726775646209,-0.0251061543822288
51,156,500,2.1562066078186035,16.231020035816098,7.867502101855605,0.5081621408462524,-0.2340621799230575,-0.3712155520915985,0.0931114554405212,-0.0113407988101243
51,156,600,2.2500548362731934,15.776097197303592,2.136755432969806,0.4012523889541626,-0.0802934318780899,-0.3802769780158996,0.0716239884495735,0.0305592324584722
51,156,700,2.172170639038086,15.585116853026577,6.946361229091552,0.3693569600582123,0.1141013652086258,-0.2800036072731018,0.1433157473802566,0.1119201630353927
51,156,800,2.151226758956909,15.769910313575076,8.7759596956121,0.2568538784980774,-0.1091078445315361,-0.5534999966621399,0.2673699557781219,0.0861353203654289
51,156,900,2.169661045074463,15.500626975240126,5.220089340094983,0.3567409217357635,-0.2282094061374664,-0.5467686057090759,0.3216172158718109,-0.069842979311943
52,159,0,2.146169900894165,14.469674624640982,7.0768679739991445,-0.0496414415538311,0.2656945884227752,-0.6244266033172607,0.1744259148836136,0.121522419154644
52,159,100,2.171650648117065,15.37941217984177,8.65031126556664,0.0846286788582801,0.327595055103302,-0.4503552913665771,0.3776012063026428,0.0928395092487335
52,159,200,2.140603542327881,15.750433825833928,7.573005646858867,0.3377001583576202,-0.2768251597881317,-0.5963687896728516,0.2946563065052032,-0.0036501521244645
52,159,300,2.1468517780303955,18.40254014012188,8.120943137084058,0.2201744765043258,-0.1009715348482132,-0.5772615075111389,0.2772004008293152,0.1093950197100639
52,159,400,2.171459913253784,16.762385224511714,5.089613886702053,0.30069100856781,-0.1833250522613525,-0.5780051350593567,0.3287253677845001,-0.1025801599025726
52,159,500,2.1870899200439453,11.913428585322004,7.049572862303839,0.192403107881546,-0.0852493271231651,-0.6175591349601746,0.2710962891578674,0.026218382641673
52,159,600,2.1247503757476807,13.840174714283965,8.008817829423755,-0.068195529282093,0.3761455416679382,-0.5648121237754822,0.0920300185680389,0.2255683988332748
52,159,700,2.1719863414764404,14.17992352253269,8.449950984617502,0.2502576410770416,-0.2057618051767349,-0.6229922771453857,0.3414607644081116,0.0207511931657791
52,159,800,2.12753963470459,20.714469805190937,7.770900257375502,-0.146470159292221,0.6143300533294678,-0.5057809948921204,0.160245269536972,0.2737164199352264
52,159,900,2.174277782440185,17.578025020347482,8.12084214507798,0.1348143965005874,0.2592795789241791,-0.4396339058876037,0.1669729202985763,0.0114367995411157
53,162,0,2.1418492794036865,15.19356610868572,3.655965515039079,0.1728681176900863,0.0745801776647567,-0.5122762322425842,0.1031509488821029,0.1224725395441055
53,162,100,2.0946290493011475,14.424213860797282,6.143482087318343,0.2610025405883789,-0.1787825971841812,-0.6172948479652405,0.238330990076065,-0.0760562419891357
53,162,200,2.0784287452697754,16.06687246038063,3.696535642112193,0.1562657058238983,-0.2391494065523147,-0.7762429118156433,0.4689180552959442,-0.002285316819325
53,162,300,2.1152219772338867,12.568510118237525,6.767705340307137,0.3253966271877289,-0.1910646855831146,-0.5554406046867371,0.3475024104118347,-0.0479685626924037
53,162,400,2.1934876441955566,14.856583828621318,5.182426400444463,0.1545727401971817,0.0291031990200281,-0.5976212024688721,0.2516331970691681,-0.169586181640625
53,162,500,2.2037830352783203,14.69821326868714,7.957882893316791,0.2960140705108642,-0.2166423350572586,-0.6116058230400085,0.2770471572875976,-0.0690805688500404
53,162,600,2.2341902256011963,17.789528507207766,6.003478287175132,0.1743892878293991,-0.3110330104827881,-0.7962621450424194,0.2740196287631988,0.017682833597064
53,162,700,2.180305242538452,10.700110149807706,8.091784117231418,-0.1515513509511947,0.2890081703662872,-0.7363120913505554,0.2296798080205917,0.0885099694132804
53,162,800,2.187087059020996,18.21879724829061,7.307338184313096,0.3418278992176056,0.0672589614987373,-0.3342667520046234,0.1474823057651519,0.0917267203330993
53,162,900,2.1874654293060303,13.408940507420978,7.037138745775762,-0.0176967475563287,0.2824922204017639,-0.5888469815254211,0.1262720674276352,0.1167537942528724
54,165,0,2.0956931114196777,13.63931387835698,7.625436660175403,0.4511089026927948,0.0244040973484516,-0.2384238690137863,0.1323437541723251,0.1185474768280983
54,165,100,2.204040288925171,15.777203712209388,3.134131127847808,0.3117344081401825,-0.1184580698609352,-0.5195252895355225,0.200337678194046,-0.0860314816236496
54,165,200,2.126227378845215,16.73738957352839,5.922882169117946,0.310099184513092,-0.1567854583263397,-0.5129491090774536,0.0643684417009353,0.1894745081663131
54,165,300,2.218938112258911,17.078821444771766,7.588938503594109,0.2450073063373565,0.3283377587795257,-0.2549165487289428,0.0676140636205673,0.1779403537511825
54,165,400,2.156234741210937,15.006310788696371,6.063580167795047,0.2035879045724868,-0.166274756193161,-0.6571381688117981,0.249968871474266,-0.0402845479547977
54,165,500,2.1634745597839355,15.893944062280143,6.795378688797537,0.2782163918018341,0.3302575051784515,-0.2183565497398376,-0.0497981235384941,0.2047524899244308
54,165,600,2.162677526473999,15.81098083481644,4.520759631840864,0.5703709721565247,-0.0178250931203365,-0.1297048181295395,0.1152608096599578,0.1543000489473343
54,165,700,2.1250112056732178,11.39630925400997,7.670213716310123,0.2124226093292236,-0.0750113502144813,-0.5726600289344788,0.255738228559494,0.0516849160194397
54,165,800,2.183263301849365,12.425213202762476,5.109748643027224,0.3956981599330902,0.059035774320364,-0.2819841504096985,0.1568737775087356,0.114870399236679
54,165,900,2.124340772628784,15.206562714295984,7.109821419987707,0.3971271514892578,0.0730834007263183,-0.2691894769668579,0.1175009831786155,0.1053011715412139
55,168,0,2.1461703777313232,14.13214034534824,3.840407509911908,0.4273257553577423,0.0974174812436103,-0.2225392311811447,0.1173197478055954,0.1109531223773956
55,168,100,2.0783462524414062,13.733309711244404,7.465665268348074,0.2792480587959289,-0.1986919492483139,-0.6059768795967102,0.3734733760356903,-0.0103856958448886
55,168,200,2.109392642974853,14.72773304461641,7.574937598124394,0.404159277677536,-0.2535929679870605,-0.5021134614944458,0.2260005474090576,-0.0111543675884604
55,168,300,2.0772573947906494,13.651915491767852,6.144598338406276,-0.1159829199314117,0.3562503755092621,-0.6418783068656921,0.2338000982999801,0.0842875689268112
55,168,400,2.0732877254486084,15.094865846001992,6.960690193273525,0.3966102302074432,-0.3121459484100342,-0.6062591075897217,0.4653549492359161,-0.3349938988685608
55,168,500,2.1404144763946533,16.32451108724375,6.548114342532412,0.5557543635368347,-0.3211747705936432,-0.3752689957618713,0.1304532289505005,0.0036022993735969
55,168,600,2.1562986373901367,12.381519168605733,7.080989644674881,0.2317495197057724,-0.0990839451551437,-0.5797293782234192,0.3024133443832397,0.0461037904024124
55,168,700,2.156270742416382,14.490356851726036,7.252826466662329,0.4155368506908417,-0.2803539633750915,-0.5092480182647705,0.2195529043674469,0.0015937300631776
55,168,800,2.124880790710449,10.780680011047943,7.252667682909528,0.2898235917091369,-0.2052434384822845,-0.5972461700439453,0.340512752532959,-0.0367188118398189
55,168,900,2.226850271224976,15.72694235009411,7.644114123716442,0.4038768112659454,-0.3165874779224396,-0.5425445437431335,0.2545247972011566,0.0664404556155204
56,171,0,2.1095082759857178,12.048374674530114,3.743867402495917,0.5167794227600098,-0.2617244124412536,-0.3851851522922516,0.1147444695234298,-0.0122012784704566
56,171,100,2.0949361324310303,14.402914033867807,5.329374424141051,0.4258130192756653,-0.2117447555065155,-0.4467440247535705,0.2188034206628799,0.0379190184175968
56,171,200,2.17218279838562,12.494424598314229,8.563749094189157,0.0047486796975135,0.359950989484787,-0.5032703280448914,0.0130018154159188,0.1008952781558036
56,171,300,2.179548978805542,14.94002680628302,7.184698872694293,0.3649148046970367,-0.2417616695165634,-0.5281640887260437,0.2360489070415496,0.0170810129493474
56,171,400,2.1408700942993164,12.3068164484343,5.363343775086482,0.1936466991901397,-0.1653153300285339,-0.6511427760124207,0.2667475342750549,0.0555160157382488
56,171,500,2.1563284397125244,13.445871575800188,4.485085692650051,0.509425938129425,-0.2614385485649109,-0.4059519171714782,0.2051891237497329,-0.0412346608936786
56,171,600,2.175357818603516,13.60219780424398,4.514338164271898,0.4385460317134857,-0.2600220441818237,-0.4741701185703277,0.1842721253633499,-0.0431351438164711
56,171,700,2.216202974319458,14.15124405607619,6.629175034554339,0.4058635234832763,0.0234669838100671,-0.2856376767158508,0.1320620477199554,0.1164251789450645
56,171,800,2.188847541809082,13.226207392856214,7.0088390745554765,0.3271976709365845,-0.2399150282144546,-0.5755194425582886,0.3643176555633545,0.0077788135968148
56,171,900,2.161808729171753,13.695467511284726,4.4805036346519245,0.710372269153595,-0.0470349006354808,-0.0127491299062967,0.2357034534215927,0.1338506788015365
57,174,0,2.095824241638184,12.416205961556953,6.996380636430069,0.3614104092121124,-0.232970580458641,-0.5200779438018799,0.2832983136177063,0.0292415525764226
57,174,100,2.087042570114136,14.085900214437766,8.827918337224382,0.4111053943634033,0.2625183761119842,-0.1240753084421157,0.0732361972332,0.1857492178678512
57,174,200,2.0937321186065674,10.353522985169963,8.56363244746405,0.3989428877830505,0.2545140087604522,-0.1273971796035766,0.0993801802396774,0.1988285183906555
57,174,300,2.14235782623291,17.596138410251374,7.397604735993026,0.0276723653078079,0.4583394527435303,-0.4114092588424682,0.2735307812690735,0.1516457498073578
57,174,400,2.109413385391236,11.868169597919929,7.136510467261237,0.1311701238155365,-0.0656778588891029,-0.6617963910102844,0.2925404608249664,0.0631462484598159
57,174,500,2.202573537826538,14.362294979607984,2.687609244623358,0.3379456698894501,-0.2410762161016464,-0.5783748030662537,0.3416967093944549,-0.0776064172387123
57,174,600,2.1380836963653564,13.334376945714624,6.390916274515497,0.3029495477676391,-0.2777930498123169,-0.6234894394874573,0.3847097158432007,-0.0055861668661236
57,174,700,2.1661086082458496,10.55128665632432,5.724212979891929,-0.0311168655753135,0.3589404821395874,-0.5504139065742493,0.2322016209363937,0.1244260445237159
57,174,800,2.1109325885772705,11.993032738291951,8.770236602425888,0.0672650337219238,0.5384562015533447,-0.3254172801971435,0.353724718093872,0.1293600499629974
57,174,900,2.0937302112579346,7.3946418577931325,8.667450956903695,0.2782459259033203,0.3198594748973846,-0.2217297106981277,0.074846476316452,0.2132696956396103
58,177,0,2.171581029891968,14.185277272765838,5.360698504354049,0.5446413159370422,-0.1267139166593551,-0.2364314347505569,0.0853508934378624,0.1709349304437637
58,177,100,2.217735290527344,12.269557662343926,6.17893920306947,0.4850214421749115,-0.3671395480632782,-0.4860057830810547,0.2927072644233703,0.0523509792983531
58,177,200,2.1366231441497803,19.11699608770272,6.700351509831293,0.3721091449260711,0.3220156133174896,-0.1210051625967025,-0.0730725079774856,0.2401830106973648
58,177,300,2.1421470642089844,18.727041828383687,8.168950908071025,0.1644006669521331,0.3946491777896881,-0.3080686032772064,0.282308965921402,0.1548480242490768
58,177,400,2.156299591064453,14.332431754802554,7.284997924505596,0.1212345957756042,0.3985735476016998,-0.3487407267093658,0.1236280798912048,0.2233098447322845
58,177,500,2.125416755676269,15.09004089640383,7.374770944519955,0.264992356300354,0.3930461704730987,-0.1832392066717147,0.1464137434959411,0.2138719260692596
58,177,600,2.107861518859864,9.39202247246549,9.32746223695121,0.0375023856759071,0.3972752094268799,-0.4322500228881836,0.1067877635359764,0.2312579154968261
58,177,700,2.088574171066284,11.014046183616276,8.657303825152265,0.0290040764957666,0.5431826114654541,-0.3701010942459106,0.2919027805328369,0.1524079740047454
58,177,800,2.1719603538513184,12.938288159333696,6.446732386434883,0.2676844596862793,-0.1729517877101898,-0.5959077477455139,0.2527418434619903,-0.0728319585323333
58,177,900,2.093905448913574,11.448430237488935,9.80569300452363,0.0567750222980976,0.4218345582485199,-0.3839686512947082,0.1323405504226684,0.2437171638011932
59,180,0,2.195138692855835,11.499234012765369,4.636284465683152,0.3660337328910827,-0.2505677938461303,-0.5462601780891418,0.3408960402011871,-0.0111350947991013
59,180,100,2.2812578678131104,14.44220879797837,8.264725858306189,0.0316418223083019,0.5456569790840149,-0.3516541123390198,0.3266291916370392,0.1644780188798904
59,180,200,2.203465461730957,13.982846932268806,5.835431765619944,0.4321426749229431,-0.2890011668205261,-0.4992122948169708,0.2114462852478027,-0.0373599864542484
59,180,300,2.206071138381958,12.828869428483692,7.768317311606292,0.2419164627790451,-0.1443245559930801,-0.6121916770935059,0.2873767912387848,-0.0791229233145713
59,180,400,2.2822484970092773,13.364660183151395,8.05698777991334,0.1750690191984176,0.3657597005367279,-0.295895904302597,0.0004223608411848,0.2305619865655899
59,180,500,2.231817483901977,12.41006211928156,8.871592051146568,0.3495818078517914,-0.2277537286281585,-0.5313488841056824,0.2318198084831237,0.003084861440584
59,180,600,2.221131563186645,12.3070076512775,7.206509279789111,0.2402576059103012,-0.2398173213005066,-0.6696224808692932,0.3401067852973938,0.0079541867598891
59,180,700,2.231806755065918,14.647900138581525,2.1780250746861185,0.4388598799705505,0.0131068602204322,-0.2600228190422058,0.1834254264831543,0.0971734151244163
59,180,800,2.203310966491699,12.361338853764122,8.212078104565931,0.1352504193782806,0.3052887618541717,-0.3977911174297333,0.0777783468365669,0.0981648713350296
59,180,900,2.2499117851257324,15.400011298520417,7.167795695939764,0.4123993813991546,0.2454938739538192,-0.1305221319198608,0.1393680870532989,0.2080187052488327
60,183,0,2.1875574588775635,14.053604530760705,4.814791811486473,0.3752745687961578,-0.3014226257801056,-0.5578930974006653,0.305243581533432,0.1056623235344886
60,183,100,2.405845880508423,13.823880778741888,7.011587842485907,0.1152222454547882,-0.1384874433279037,-0.7315447926521301,0.2827663123607635,0.0174838565289974
60,183,200,2.1846725940704346,16.884982553285447,8.12934129588376,0.5099800825119019,0.0212759524583816,-0.1704415678977966,0.1693352609872818,0.1592877060174942
60,183,300,2.247701406478882,14.563174280575913,5.154758135858223,0.282556802034378,-0.0462273731827735,-0.4678437709808349,0.220680296421051,0.0853969231247901
60,183,400,2.2188494205474854,11.18942117444951,1.895489910990387,0.2921951413154602,0.3158855736255646,-0.2127187848091125,-0.0169213321059942,0.2254505455493927
60,183,500,2.2640161514282227,13.102305400970993,4.632852484442532,-0.2169735580682754,0.2962165474891662,-0.8072245717048645,0.2449138015508651,0.0479725934565067
60,183,600,2.281059503555298,12.285010802179295,5.250125297442966,0.2302608788013458,-0.1201263666152954,-0.5890821814537048,0.2693584263324737,0.0379639640450477
60,183,700,2.2340006828308105,12.540861084747169,5.6588365217842895,0.2197542637586593,-0.0831427127122879,-0.5726454257965088,0.2836341261863708,0.066837154328823
60,183,800,2.281224250793457,13.434613162938916,7.140314236920431,0.2742905020713806,-0.0567051582038402,-0.4814982414245605,0.2064570188522339,0.1819682121276855
60,183,900,2.2033138275146484,12.006642278951787,7.9552802277228984,0.34237614274024963,-0.02942945994436741,-0.38332611322402954,0.18147535622119904,0.20390388369560242
